max_f,theta_idx,theta,eps_target,eps_pre,success,achieved_frob,f_level,N_D,method,wall,timed_out
0,0,0.007853981633974483,0.5,0.25,True,0.005553600104217444,0,0,zeta9-householder,1.5798671245574951,False
0,1,0.02356194490192345,0.5,0.25,True,0.0166607146692686,0,0,zeta9-householder,1.9278018474578857,False
0,2,0.039269908169872414,0.5,0.25,True,0.027767572305489263,0,0,zeta9-householder,1.9347541332244873,False
0,3,0.05497787143782139,0.5,0.25,True,0.03887400173139487,0,0,zeta9-householder,1.9268243312835693,False
0,4,0.07068583470577035,0.5,0.25,True,0.04997983167210435,0,0,zeta9-householder,1.8738033771514893,False
0,5,0.08639379797371932,0.5,0.25,True,0.06108489086198145,0,0,zeta9-householder,1.8786942958831787,False
0,6,0.10210176124166828,0.5,0.25,True,0.07218900804727586,0,0,zeta9-householder,1.9317705631256104,False
0,7,0.11780972450961726,0.5,0.25,True,0.08329201198876413,0,0,zeta9-householder,1.924767017364502,False
0,8,0.13351768777756623,0.5,0.25,True,0.09439373146439044,0,0,zeta9-householder,1.9426100254058838,False
0,9,0.1492256510455152,0.5,0.25,True,0.10549399527190693,0,0,zeta9-householder,1.9927785396575928,False
0,10,0.16493361431346415,0.5,0.25,True,0.1165926322315141,0,0,zeta9-householder,1.6260528564453125,False
0,11,0.1806415775814131,0.5,0.25,True,0.1276894711885003,0,0,zeta9-householder,1.9395251274108887,False
0,12,0.1963495408493621,0.5,0.25,True,0.13878434101588139,0,0,zeta9-householder,1.9287471771240234,False
0,13,0.21205750411731106,0.5,0.25,True,0.14987707061703964,0,0,zeta9-householder,1.9827609062194824,False
0,14,0.22776546738526002,0.5,0.25,True,0.16096748892836218,0,0,zeta9-householder,1.9841670989990234,False
0,15,0.24347343065320898,0.5,0.25,True,0.17205542492187925,0,0,zeta9-householder,2.0303313732147217,False
0,16,0.25918139392115797,0.5,0.25,True,0.18314070760790135,0,0,zeta9-householder,2.029494047164917,False
0,17,0.2748893571891069,0.5,0.25,True,0.19422316603765627,0,0,zeta9-householder,1.9879393577575684,False
0,18,0.2905973204570559,0.5,0.25,True,0.2053026293059255,0,0,zeta9-householder,2.0292890071868896,False
0,19,0.3063052837250049,0.5,0.25,True,0.21637892655367935,0,0,zeta9-householder,1.9802281856536865,False
0,20,0.3220132469929538,0.5,0.25,True,0.22745188697071228,0,0,zeta9-householder,1.6764576435089111,False
0,21,0.3377212102609028,0.5,0.25,True,0.2385213397982768,0,0,zeta9-householder,1.9787142276763916,False
0,22,0.3534291735288518,0.5,0.25,True,0.243439926068547,0,1,zeta9-householder,1.9796998500823975,False
0,23,0.3691371367968007,0.5,0.25,True,0.2323720869670333,0,1,zeta9-householder,1.9778521060943604,False
0,24,0.3848451000647497,0.5,0.25,True,0.22130066440048057,0,1,zeta9-householder,1.9985532760620117,False
0,25,0.40055306333269863,0.5,0.25,True,0.21022582910392087,0,1,zeta9-householder,1.9838972091674805,False
0,26,0.4162610266006476,0.5,0.25,True,0.19914775186501468,0,1,zeta9-householder,1.9316647052764893,False
0,27,0.4319689898685966,0.5,0.25,True,0.1880666035214172,0,1,zeta9-householder,2.034024953842163,False
0,28,0.44767695313654554,0.5,0.25,True,0.17698255495814408,0,1,zeta9-householder,1.9475889205932617,False
0,29,0.46338491640449453,0.5,0.25,True,0.16589577710493564,0,1,zeta9-householder,1.989600419998169,False
0,30,0.4790928796724435,0.5,0.25,True,0.15480644093362136,0,1,zeta9-householder,1.585740089416504,False
0,31,0.49480084294039245,0.5,0.25,True,0.14371471745548325,0,1,zeta9-householder,1.979926347732544,False
0,32,0.5105088062083414,0.5,0.25,True,0.13262077771861847,0,1,zeta9-householder,2.03479266166687,False
0,33,0.5262167694762904,0.5,0.25,True,0.12152479280530148,0,1,zeta9-householder,1.9844214916229248,False
0,34,0.5419247327442394,0.5,0.25,True,0.11042693382934617,0,1,zeta9-householder,1.9806852340698242,False
0,35,0.5576326960121883,0.5,0.25,True,0.09932737193346657,0,1,zeta9-householder,1.996779203414917,False
0,36,0.5733406592801373,0.5,0.25,True,0.08822627828663802,0,1,zeta9-householder,1.9807796478271484,False
0,37,0.5890486225480862,0.5,0.25,True,0.07712382408145725,0,1,zeta9-householder,1.9839532375335693,False
0,38,0.6047565858160352,0.5,0.25,True,0.06602018053150234,0,1,zeta9-householder,1.9844870567321777,False
0,39,0.6204645490839842,0.5,0.25,True,0.05491551886869276,0,1,zeta9-householder,2.0828304290771484,False
0,40,0.6361725123519332,0.5,0.25,True,0.04381001034064857,0,1,zeta9-householder,1.9821867942810059,False
0,41,0.6518804756198822,0.5,0.25,True,0.03270382620804931,0,1,zeta9-householder,2.027484178543091,False
0,42,0.6675884388878311,0.5,0.25,True,0.02159713774199344,0,1,zeta9-householder,1.9953055381774902,False
0,43,0.68329640215578,0.5,0.25,True,0.010490116221356656,0,1,zeta9-householder,1.9847567081451416,False
0,44,0.699004365423729,0.5,0.25,True,0.0006170670698491665,0,1,zeta9-householder,1.9408392906188965,False
0,45,0.714712328691678,0.5,0.25,True,0.011724240845117539,0,1,zeta9-householder,1.993095874786377,False
0,46,0.730420291959627,0.5,0.25,True,0.022831233818088322,0,1,zeta9-householder,1.9306013584136963,False
0,47,0.746128255227576,0.5,0.25,True,0.03393787470519019,0,1,zeta9-householder,1.9796979427337646,False
0,48,0.7618362184955249,0.5,0.25,True,0.04504399222828081,0,1,zeta9-householder,1.9857168197631836,False
0,49,0.7775441817634738,0.5,0.25,True,0.05614941511728937,0,1,zeta9-householder,1.6788239479064941,False
0,50,0.7932521450314228,0.5,0.25,True,0.0672539721128566,0,1,zeta9-householder,1.9817609786987305,False
0,51,0.8089601082993718,0.5,0.25,True,0.0783574919689768,0,1,zeta9-householder,1.9837846755981445,False
0,52,0.8246680715673208,0.5,0.25,True,0.08945980345563803,0,1,zeta9-householder,1.9533276557922363,False
0,53,0.8403760348352697,0.5,0.25,True,0.10056073536146273,0,1,zeta9-householder,1.9358806610107422,False
0,54,0.8560839981032187,0.5,0.25,True,0.11166011649634879,0,1,zeta9-householder,1.9828176498413086,False
0,55,0.8717919613711677,0.5,0.25,True,0.12275777569410835,0,1,zeta9-householder,1.9824552536010742,False
0,56,0.8874999246391166,0.5,0.25,True,0.13385354181510814,0,1,zeta9-householder,1.9860937595367432,False
0,57,0.9032078879070656,0.5,0.25,True,0.14494724374890844,0,1,zeta9-householder,1.9806716442108154,False
0,58,0.9189158511750146,0.5,0.25,True,0.15603871041690173,0,1,zeta9-householder,1.8872897624969482,False
0,59,0.9346238144429635,0.5,0.25,True,0.16712777077495147,0,1,zeta9-householder,1.8795087337493896,False
0,60,0.9503317777109125,0.5,0.25,True,0.1782142538160289,0,1,zeta9-householder,1.9828705787658691,False
0,61,0.9660397409788615,0.5,0.25,True,0.1892979885728511,0,1,zeta9-householder,1.9846692085266113,False
0,62,0.9817477042468105,0.5,0.25,True,0.20037880412051667,0,1,zeta9-householder,1.9367468357086182,False
0,63,0.9974556675147594,0.5,0.25,True,0.21145652957914238,0,1,zeta9-householder,1.9278316497802734,False
0,64,1.0131636307827083,0.5,0.25,True,0.2225309941164977,0,1,zeta9-householder,2.0358424186706543,False
0,65,1.0288715940506574,0.5,0.25,True,0.2336020269506401,0,1,zeta9-householder,1.980698823928833,False
0,66,1.0445795573186063,0.5,0.25,True,0.24466945735254725,0,1,zeta9-householder,1.933835744857788,False
0,67,1.0602875205865552,0.5,0.25,True,0.23729157911767876,0,1,zeta9-householder,1.9856657981872559,False
0,68,1.0759954838545043,0.5,0.25,True,0.22622172812707927,0,1,zeta9-householder,1.6312847137451172,False
0,69,1.0917034471224532,0.5,0.25,True,0.21514838851758278,0,1,zeta9-householder,1.983278751373291,False
0,70,1.1074114103904023,0.5,0.25,True,0.20407173105378404,0,1,zeta9-householder,1.9948041439056396,False
0,71,1.1231193736583511,0.5,0.25,True,0.19299192655144373,0,1,zeta9-householder,2.026782751083374,False
0,72,1.1388273369263,0.5,0.25,True,0.1819091458748537,0,1,zeta9-householder,1.9378573894500732,False
0,73,1.154535300194249,0.5,0.25,True,0.1708235599342018,0,1,zeta9-householder,1.9837040901184082,False
0,74,1.170243263462198,0.5,0.25,True,0.15973533968293713,0,1,zeta9-householder,1.932751178741455,False
0,75,1.185951226730147,0.5,0.25,True,0.14864465611513236,0,1,zeta9-householder,1.9827630519866943,False
0,76,1.201659189998096,0.5,0.25,True,0.13755168026284825,0,1,zeta9-householder,2.0306079387664795,False
0,77,1.2173671532660448,0.5,0.25,True,0.12645658319349495,0,1,zeta9-householder,1.9827463626861572,False
0,78,1.233075116533994,0.5,0.25,True,0.11535953600719448,0,1,zeta9-householder,1.6757380962371826,False
0,79,1.2487830798019428,0.5,0.25,True,0.10426070983414244,0,1,zeta9-householder,1.8827235698699951,False
0,80,1.264491043069892,0.5,0.25,True,0.0931602758319679,0,1,zeta9-householder,1.9769978523254395,False
0,81,1.2801990063378408,0.5,0.25,True,0.08205840518309544,0,1,zeta9-householder,1.9868569374084473,False
0,82,1.2959069696057899,0.5,0.25,True,0.0709552690921039,0,1,zeta9-householder,2.0326645374298096,False
0,83,1.3116149328737388,0.5,0.25,True,0.05985103878308733,0,1,zeta9-householder,1.937774896621704,False
0,84,1.3273228961416876,0.5,0.25,True,0.0487458854970133,0,1,zeta9-householder,1.927389144897461,False
0,85,1.3430308594096367,0.5,0.25,True,0.03763998048908345,0,1,zeta9-householder,2.030057430267334,False
0,86,1.3587388226775856,0.5,0.25,True,0.0265334950260915,0,1,zeta9-householder,1.8740627765655518,False
0,87,1.3744467859455347,0.5,0.25,True,0.015426600383782648,0,1,zeta9-householder,1.9816951751708984,False
0,88,1.3901547492134836,0.5,0.25,True,0.004319467844212557,0,1,zeta9-householder,1.628345251083374,False
0,89,1.4058627124814325,0.5,0.25,True,0.0067877313068952045,0,1,zeta9-householder,1.9848246574401855,False
0,90,1.4215706757493816,0.5,0.25,True,0.017894825782789517,0,1,zeta9-householder,2.032930612564087,False
0,91,1.4372786390173304,0.5,0.25,True,0.029001644298333185,0,1,zeta9-householder,1.9809930324554443,False
0,92,1.4529866022852795,0.5,0.25,True,0.04010801557264518,0,1,zeta9-householder,1.9832894802093506,False
0,93,1.4686945655532284,0.5,0.25,True,0.051213768331741016,0,1,zeta9-householder,2.0337400436401367,False
0,94,1.4844025288211773,0.5,0.25,True,0.06231873131117463,0,1,zeta9-householder,1.9795398712158203,False
0,95,1.5001104920891264,0.5,0.25,True,0.07342273325867958,0,1,zeta9-householder,1.9800441265106201,False
0,96,1.5158184553570753,0.5,0.25,True,0.08452560293680943,0,1,zeta9-householder,2.028771162033081,False
0,97,1.5315264186250244,0.5,0.25,True,0.09562716912557898,0,1,zeta9-householder,1.9837381839752197,False
0,98,1.5472343818929732,0.5,0.25,True,0.10672726062510385,0,1,zeta9-householder,1.7287030220031738,False
0,99,1.5629423451609221,0.5,0.25,True,0.11782570625824222,0,1,zeta9-householder,1.9905428886413574,False
1,0,0.007853981633974483,0.5,0.25,True,0.11177939864732409,4,20,zeta9-householder,17.029064416885376,False
1,1,0.02356194490192345,0.5,0.25,True,0.10823763284122136,4,20,zeta9-householder,17.33141827583313,False
1,2,0.039269908169872414,0.5,0.25,True,0.1057472742435251,4,19,zeta9-householder,16.791598320007324,False
1,3,0.05497787143782139,0.5,0.25,True,0.10438376010797917,4,20,zeta9-householder,17.693486213684082,False
1,4,0.07068583470577035,0.5,0.25,True,0.10419142445422873,4,19,zeta9-householder,16.985328435897827,False
1,5,0.08639379797371932,0.5,0.25,True,0.10517670441247857,4,19,zeta9-householder,16.63708758354187,False
1,6,0.10210176124166828,0.5,0.25,True,0.10730710746907791,4,20,zeta9-householder,16.779709100723267,False
1,7,0.11780972450961726,0.5,0.25,True,0.11051630419777123,4,20,zeta9-householder,17.140764236450195,False
1,8,0.13351768777756623,0.5,0.25,True,0.11471360238247416,4,20,zeta9-householder,16.88875675201416,False
1,9,0.1492256510455152,0.5,0.25,True,0.119794942436619,4,19,zeta9-householder,17.292107820510864,False
1,10,0.16493361431346415,0.5,0.25,True,0.1175402789472055,4,20,zeta9-householder,16.740906715393066,False
1,11,0.1806415775814131,0.5,0.25,True,0.11282049831710161,4,20,zeta9-householder,17.603581190109253,False
1,12,0.1963495408493621,0.5,0.25,True,0.1090298108788393,4,18,zeta9-householder,16.434288501739502,False
1,13,0.21205750411731106,0.5,0.25,True,0.10626793264644563,4,19,zeta9-householder,16.696548461914062,False
1,14,0.22776546738526002,0.5,0.25,True,0.10461655254252648,4,20,zeta9-householder,16.774619340896606,False
1,15,0.24347343065320898,0.5,0.25,True,0.10412862148710267,4,20,zeta9-householder,16.804011344909668,False
1,16,0.25918139392115797,0.5,0.25,True,0.1048204180133871,4,20,zeta9-householder,16.588923692703247,False
1,17,0.2748893571891069,0.5,0.25,True,0.10666894959844446,4,19,zeta9-householder,17.435351371765137,False
1,18,0.2905973204570559,0.5,0.25,True,0.10961560119477445,4,19,zeta9-householder,17.152826070785522,False
1,19,0.3063052837250049,0.5,0.25,True,0.1135747611508194,4,20,zeta9-householder,17.486592054367065,False
1,20,0.3220132469929538,0.5,0.25,True,0.11844471004011985,4,20,zeta9-householder,16.288978099822998,False
1,21,0.3377212102609028,0.5,0.25,True,0.12411800523851516,4,19,zeta9-householder,17.436665773391724,False
1,22,0.3534291735288518,0.5,0.25,True,0.12686961905907834,4,20,zeta9-householder,16.680122137069702,False
1,23,0.3691371367968007,0.5,0.25,True,0.12087336926931698,4,19,zeta9-householder,17.948822259902954,False
1,24,0.3848451000647497,0.5,0.25,True,0.11563309918099007,4,20,zeta9-householder,16.96089243888855,False
1,25,0.40055306333269863,0.5,0.25,True,0.11125602623082052,4,19,zeta9-householder,17.302990436553955,False
1,26,0.4162610266006476,0.5,0.25,True,0.10784758642478784,4,20,zeta9-householder,17.139458417892456,False
1,27,0.4319689898685966,0.5,0.25,True,0.10550192068095526,4,19,zeta9-householder,17.441242933273315,False
1,28,0.44767695313654554,0.5,0.25,True,0.10429091212437445,4,19,zeta9-householder,16.63053059577942,False
1,29,0.46338491640449453,0.5,0.25,True,0.10425418371660837,4,19,zeta9-householder,17.432881593704224,False
1,30,0.4790928796724435,0.5,0.25,True,0.10539296538144016,4,19,zeta9-householder,16.639955043792725,False
1,31,0.49480084294039245,0.5,0.25,True,0.10766989650507645,4,19,zeta9-householder,18.494210243225098,False
1,32,0.5105088062083414,0.5,0.25,True,0.11101483361203252,4,19,zeta9-householder,17.337989568710327,False
1,33,0.5262167694762904,0.5,0.25,True,0.11533469571568783,4,19,zeta9-householder,17.388012886047363,False
1,34,0.5419247327442394,0.5,0.25,True,0.12052444797612638,4,19,zeta9-householder,17.41611075401306,False
1,35,0.5576326960121883,0.5,0.25,True,0.11686924273830382,4,20,zeta9-householder,16.829346179962158,False
1,36,0.5733406592801373,0.5,0.25,True,0.11226578093756001,4,20,zeta9-householder,17.594154357910156,False
1,37,0.5890486225480862,0.5,0.25,True,0.10860518448466404,4,20,zeta9-householder,17.09043025970459,False
1,38,0.6047565858160352,0.5,0.25,True,0.10598542991278188,4,20,zeta9-householder,16.837228298187256,False
1,39,0.6204645490839842,0.5,0.25,True,0.10448500379314883,4,20,zeta9-householder,16.693028926849365,False
1,40,0.6361725123519332,0.5,0.25,True,0.10415238628213541,4,20,zeta9-householder,16.831907272338867,False
1,41,0.6518804756198822,0.5,0.25,True,0.1049986965934509,4,20,zeta9-householder,18.12881374359131,False
1,42,0.6675884388878311,0.5,0.25,True,0.10699591232017884,4,20,zeta9-householder,19.191792964935303,False
1,43,0.68329640215578,0.5,0.25,True,0.11008128974413411,4,20,zeta9-householder,18.739623308181763,False
1,44,0.699004365423729,0.5,0.25,True,0.11366630959274249,4,20,zeta9-householder,19.090450286865234,False
1,45,0.714712328691678,0.5,0.25,True,0.10968731436253588,4,20,zeta9-householder,18.590562105178833,False
1,46,0.730420291959627,0.5,0.25,True,0.10671885534387146,4,20,zeta9-householder,18.938388347625732,False
1,47,0.746128255227576,0.5,0.25,True,0.10484698862519146,4,20,zeta9-householder,18.08301591873169,False
1,48,0.7618362184955249,0.5,0.25,True,0.10413098565858428,4,20,zeta9-householder,18.446778297424316,False
1,49,0.7775441817634738,0.5,0.25,True,0.1045946306800219,4,20,zeta9-householder,18.437557458877563,False
1,50,0.7932521450314228,0.5,0.25,True,0.10622244975919158,4,20,zeta9-householder,18.146688222885132,False
1,51,0.8089601082993718,0.5,0.25,True,0.10896218244427831,4,20,zeta9-householder,18.486610412597656,False
1,52,0.8246680715673208,0.5,0.25,True,0.11273262842450857,4,20,zeta9-householder,17.043780088424683,False
1,53,0.8403760348352697,0.5,0.25,True,0.11743433142292796,4,20,zeta9-householder,17.0686457157135,False
1,54,0.8560839981032187,0.5,0.25,True,0.11990820898258729,4,20,zeta9-householder,17.90478205680847,False
1,55,0.8717919613711677,0.5,0.25,True,0.11480978143967495,4,19,zeta9-householder,17.581995725631714,False
1,56,0.8874999246391166,0.5,0.25,True,0.1105931845509809,4,19,zeta9-householder,16.997822046279907,False
1,57,0.9032078879070656,0.5,0.25,True,0.1073626418887307,4,20,zeta9-householder,17.680933952331543,False
1,58,0.9189158511750146,0.5,0.25,True,0.10520923229448116,4,20,zeta9-householder,17.69101643562317,False
1,59,0.9346238144429635,0.5,0.25,True,0.1041998933088147,4,20,zeta9-householder,17.950202465057373,False
1,60,0.9503317777109125,0.5,0.25,True,0.10436788552053158,4,20,zeta9-householder,17.879244327545166,False
1,61,0.9660397409788615,0.5,0.25,True,0.10570758575464263,4,19,zeta9-householder,17.243756771087646,False
1,62,0.9817477042468105,0.5,0.25,True,0.10817538943439076,4,19,zeta9-householder,17.530875205993652,False
1,63,0.9974556675147594,0.5,0.25,True,0.11169640347455354,4,20,zeta9-householder,16.78390860557556,False
1,64,1.0131636307827083,0.5,0.25,True,0.11617470009052876,4,20,zeta9-householder,16.734707832336426,False
1,65,1.0288715940506574,0.5,0.25,True,0.12150421847630201,4,19,zeta9-householder,16.8496150970459,False
1,66,1.0445795573186063,0.5,0.25,True,0.12757801891976353,4,19,zeta9-householder,18.287088871002197,False
1,67,1.0602875205865552,0.5,0.25,True,0.1234512861221084,4,20,zeta9-householder,18.23514747619629,False
1,68,1.0759954838545043,0.5,0.25,True,0.11786196404174011,4,20,zeta9-householder,19.591246604919434,False
1,69,1.0917034471224532,0.5,0.25,True,0.11308793263045348,4,20,zeta9-householder,17.8582181930542,False
1,70,1.1074114103904023,0.5,0.25,True,0.1092364493792468,4,20,zeta9-householder,17.152154207229614,False
1,71,1.1231193736583511,0.5,0.25,True,0.10640798600734949,4,20,zeta9-householder,16.591131448745728,False
1,72,1.1388273369263,0.5,0.25,True,0.10468567700605516,4,20,zeta9-householder,17.139243125915527,False
1,73,1.154535300194249,0.5,0.25,True,0.10412453482167795,4,20,zeta9-householder,17.343282222747803,False
1,74,1.170243263462198,0.5,0.25,True,0.10474325781986547,4,20,zeta9-householder,17.682960033416748,False
1,75,1.185951226730147,0.5,0.25,True,0.10652125102196425,4,20,zeta9-householder,16.43843650817871,False
1,76,1.201659189998096,0.5,0.25,True,0.10940190200857217,4,20,zeta9-householder,17.336329698562622,False
1,77,1.2173671532660448,0.5,0.25,True,0.11330096832023236,4,20,zeta9-householder,17.736520290374756,False
1,78,1.233075116533994,0.5,0.25,True,0.11811741249293393,4,20,zeta9-householder,18.582054376602173,False
1,79,1.2487830798019428,0.5,0.25,True,0.11919004744008961,4,20,zeta9-householder,18.782960653305054,False
1,80,1.264491043069892,0.5,0.25,True,0.11420161418286456,4,20,zeta9-householder,18.043105840682983,False
1,81,1.2801990063378408,0.5,0.25,True,0.11010911755406967,4,20,zeta9-householder,19.248883962631226,False
1,82,1.2959069696057899,0.5,0.25,True,0.10701565910868698,4,19,zeta9-householder,18.647948026657104,False
1,83,1.3116149328737388,0.5,0.25,True,0.10500976474269483,4,19,zeta9-householder,18.09265112876892,False
1,84,1.3273228961416876,0.5,0.25,True,0.10415441514227185,4,20,zeta9-householder,18.147136449813843,False
1,85,1.3430308594096367,0.5,0.25,True,0.10447792511972737,4,16,zeta9-householder,18.036375761032104,False
1,86,1.3587388226775856,0.5,0.25,True,0.10596947890318477,4,18,zeta9-householder,17.375564098358154,False
1,87,1.3744467859455347,0.5,0.25,True,0.1085808624770454,4,20,zeta9-householder,17.39334511756897,False
1,88,1.3901547492134836,0.5,0.25,True,0.11223378274285557,4,20,zeta9-householder,16.888160467147827,False
1,89,1.4058627124814325,0.5,0.25,True,0.11133681651100212,4,19,zeta9-householder,17.618934631347656,False
1,90,1.4215706757493816,0.5,0.25,True,0.10790740474580585,4,19,zeta9-householder,17.2388596534729,False
1,91,1.4372786390173304,0.5,0.25,True,0.1055390133352406,4,19,zeta9-householder,17.445761680603027,False
1,92,1.4529866022852795,0.5,0.25,True,0.1043040934208711,4,19,zeta9-householder,16.957481622695923,False
1,93,1.4686945655532284,0.5,0.25,True,0.10424301266577578,4,19,zeta9-householder,16.987780809402466,False
1,94,1.4844025288211773,0.5,0.25,True,0.10535781640386738,4,19,zeta9-householder,17.526577472686768,False
1,95,1.5001104920891264,0.5,0.25,True,0.10761189922182646,4,19,zeta9-householder,17.062957048416138,False
1,96,1.5158184553570753,0.5,0.25,True,0.11093570303567492,4,19,zeta9-householder,16.72783660888672,False
1,97,1.5315264186250244,0.5,0.25,True,0.11523650780335697,4,19,zeta9-householder,17.678730010986328,False
1,98,1.5472343818929732,0.5,0.25,True,0.12040941998075755,4,19,zeta9-householder,17.442325353622437,False
1,99,1.5629423451609221,0.5,0.25,True,0.11697329176160587,4,20,zeta9-householder,17.288347244262695,False
