f,rule,n_theta,mean_Tcost,mean_N_D,mean_eps,mean_log3_inv_eps
4,best_frob,30,68.1,32.2333,0.00520399,4.7928
4,min_tcost@1,30,68.1,32.2333,0.00520399,4.7928
4,min_tcost@3,30,65.7667,31.9,0.00520399,4.7928
4,min_tcost@10,30,59.7333,31.6,0.00520399,4.7928
4,min_tcost@30,30,56.8667,31.4667,0.00520399,4.7928
4,min_tcost@100,30,42.1667,35.1667,0.00548645,4.74736
6,best_frob,30,95.8333,47.0667,0.000143082,8.09885
6,min_tcost@1,30,95.8333,47.0667,0.000143082,8.09885
6,min_tcost@3,30,91.8667,46.4667,0.000143082,8.09885
6,min_tcost@10,30,84.5667,46.0333,0.000143082,8.09885
6,min_tcost@30,30,83.7,45.9333,0.000143082,8.09885
6,min_tcost@100,30,83.3,45.9,0.000143992,8.09462
8,best_frob,30,127.867,62.1,2.8454e-06,11.6238
8,min_tcost@1,30,127.867,62.1,2.8454e-06,11.6238
8,min_tcost@3,30,123.667,61.4333,2.8454e-06,11.6238
8,min_tcost@10,30,118.4,61.3333,2.8454e-06,11.6238
8,min_tcost@30,30,115.933,61.2333,2.8454e-06,11.6238
8,min_tcost@100,30,115.933,61.2333,2.8454e-06,11.6238
10,best_frob,30,157.8,71.4,2.20191e-07,13.9528
10,min_tcost@1,30,157.8,71.4,2.20191e-07,13.9528
10,min_tcost@3,30,153.133,70.7333,2.20191e-07,13.9528
10,min_tcost@10,30,146.567,70.2,2.20191e-07,13.9528
10,min_tcost@30,30,144.033,70,2.20191e-07,13.9528
10,min_tcost@100,30,144.033,70,2.20191e-07,13.9528
12,best_frob,30,190.333,91.7667,6.8861e-09,17.1068
12,min_tcost@1,30,190.333,91.7667,6.8861e-09,17.1068
12,min_tcost@3,30,184.967,90.9667,6.8861e-09,17.1068
12,min_tcost@10,30,179.5,90.6333,6.8861e-09,17.1068
12,min_tcost@30,30,177.2,90.4667,6.8861e-09,17.1068
12,min_tcost@100,30,177.2,90.4667,6.8861e-09,17.1068
14,best_frob,30,201.633,108.933,3.55918e-10,19.8035
14,min_tcost@1,30,201.633,108.933,3.55918e-10,19.8035
14,min_tcost@3,30,197.9,108.333,3.55918e-10,19.8035
14,min_tcost@10,30,194.6,107.867,3.55918e-10,19.8035
14,min_tcost@30,30,190.6,107.867,3.55918e-10,19.8035
14,min_tcost@100,30,190.6,107.867,3.55918e-10,19.8035
16,best_frob,30,242.5,122.133,2.92517e-11,22.2272
16,min_tcost@1,30,242.5,122.133,2.92517e-11,22.2272
16,min_tcost@3,30,237.233,121.067,2.92517e-11,22.2272
16,min_tcost@10,30,231.267,120.833,2.92518e-11,22.2272
16,min_tcost@30,30,227.833,120.9,2.92518e-11,22.2272
16,min_tcost@100,30,227.833,120.9,2.92518e-11,22.2272
