f,theta,rank,epsilon,frob_file,unitary_exact,ok,N_D,n_T3,n_L4,n_R_syl,n_R_resid,n_R,Tcost,wall
4,0.000807661,0,0.00669473,0.00669473,1,1,39,19,2,0,0,0,33,22.796
4,0.000807661,1,0.00669473,0.00669473,1,1,41,19,2,1,1,2,47,23.039
4,0.000807661,2,0.00669473,0.00669473,1,1,39,19,2,0,0,0,33,22.68
4,0.000807661,3,0.00669473,0.00669473,1,1,41,19,2,1,1,2,47,23.15
4,0.000807661,4,0.00669473,0.00669473,1,1,39,19,2,0,0,0,33,17.473
4,0.000807661,5,0.00669473,0.00669473,1,1,41,19,2,1,1,2,47,25.867
4,0.000807661,6,0.00669473,0.00669473,1,1,41,19,2,1,1,2,47,27.469
4,0.000807661,7,0.00669473,0.00669473,1,1,39,19,2,0,0,0,33,18.205
4,0.000807661,8,0.00669473,0.00669473,1,1,41,17,4,1,1,2,59,22.933
4,0.000807661,9,0.00669473,0.00669473,1,1,39,17,4,0,0,0,45,16.975
4,0.000807661,10,0.00669473,0.00669473,1,1,39,17,4,0,0,0,45,27.861
4,0.000807661,11,0.00669473,0.00669473,1,1,41,17,4,1,1,2,59,22.637
4,0.000807661,12,0.00669473,0.00669473,1,1,41,17,4,1,1,2,59,19.63
4,0.000807661,13,0.00669473,0.00669473,1,1,39,17,4,0,0,0,45,24.074
4,0.000807661,14,0.00669473,0.00669473,1,1,41,17,4,1,1,2,59,22.42
4,0.000807661,15,0.00669473,0.00669473,1,1,39,17,4,0,0,0,45,20.123
4,0.000807661,16,0.00669473,0.00669473,1,1,41,19,2,1,1,2,47,19.55
4,0.000807661,17,0.00669473,0.00669473,1,1,39,19,2,0,0,0,33,19.92
4,0.000807661,18,0.00669473,0.00669473,1,1,41,19,2,1,1,2,47,25.606
4,0.000807661,19,0.00669473,0.00669473,1,1,39,19,2,0,0,0,33,23.711
4,0.000807661,20,0.00669473,0.00669473,1,1,39,17,4,0,0,0,45,26.302
4,0.000807661,21,0.00669473,0.00669473,1,1,41,17,4,1,1,2,59,26.953
4,0.000807661,22,0.00669473,0.00669473,1,1,41,17,4,1,1,2,59,19.837
4,0.000807661,23,0.00669473,0.00669473,1,1,39,17,4,0,0,0,45,19.604
4,0.000807661,24,0.00669473,0.00669473,1,1,41,17,4,1,1,2,59,20.072
4,0.000807661,25,0.00669473,0.00669473,1,1,39,17,4,0,0,0,45,21.35
4,0.000807661,26,0.00669473,0.00669473,1,1,41,17,4,1,1,2,59,19.769
4,0.000807661,27,0.00669473,0.00669473,1,1,39,17,4,0,0,0,45,22.088
4,0.000807661,28,0.00669473,0.00669473,1,1,39,17,4,0,0,0,45,27.687
4,0.000807661,29,0.00669473,0.00669473,1,1,41,17,4,1,1,2,59,19.989
4,0.000807661,30,0.00669473,0.00669473,1,1,39,17,4,0,0,0,45,22.337
4,0.000807661,31,0.00669473,0.00669473,1,1,41,17,4,1,1,2,59,18.117
4,0.000807661,32,0.00669473,0.00669473,1,1,39,17,4,0,0,0,45,23.099
4,0.000807661,33,0.00669473,0.00669473,1,1,41,17,4,1,1,2,59,26.788
4,0.000807661,34,0.00669473,0.00669473,1,1,39,17,4,0,0,0,45,17.245
4,0.000807661,35,0.00669473,0.00669473,1,1,41,17,4,1,1,2,59,17.77
4,0.108596,0,0.00495463,0.00495463,1,1,36,15,4,1,0,1,50,26
4,0.108596,1,0.00495463,0.00495463,1,1,38,15,4,2,1,3,64,24.827
4,0.108596,2,0.00495463,0.00495463,1,1,38,15,4,2,1,3,64,26.731
4,0.108596,3,0.00495463,0.00495463,1,1,36,15,4,1,0,1,50,30.421
4,0.108596,4,0.00495463,0.00495463,1,1,38,15,4,2,1,3,64,22.423
4,0.108596,5,0.00495463,0.00495463,1,1,36,15,4,1,0,1,50,30.039
4,0.108596,6,0.00495463,0.00495463,1,1,38,15,4,2,1,3,64,26.128
4,0.108596,7,0.00495463,0.00495463,1,1,36,15,4,1,0,1,50,28.359
4,0.108596,8,0.00495463,0.00495463,1,1,35,15,2,2,1,3,50,29.704
4,0.108596,9,0.00495463,0.00495463,1,1,33,15,2,1,0,1,36,26.07
4,0.108596,10,0.00495463,0.00495463,1,1,33,15,2,1,0,1,36,29.998
4,0.108596,11,0.00495463,0.00495463,1,1,35,15,2,2,1,3,50,25.57
4,0.108596,12,0.00495463,0.00495463,1,1,35,15,2,2,1,3,50,31.655
4,0.108596,13,0.00495463,0.00495463,1,1,33,15,2,1,0,1,36,32.641
4,0.108596,14,0.00495463,0.00495463,1,1,35,15,2,2,1,3,50,24.971
4,0.108596,15,0.00495463,0.00495463,1,1,33,15,2,1,0,1,36,26.022
4,0.108596,16,0.00495463,0.00495463,1,1,36,15,4,1,0,1,50,22.557
4,0.108596,17,0.00495463,0.00495463,1,1,38,15,4,2,1,3,64,24.083
4,0.108596,18,0.00495463,0.00495463,1,1,36,15,4,1,0,1,50,30.426
4,0.108596,19,0.00495463,0.00495463,1,1,38,15,4,2,1,3,64,29.654
4,0.108596,20,0.00495463,0.00495463,1,1,38,15,4,2,1,3,64,29.956
4,0.108596,21,0.00495463,0.00495463,1,1,36,15,4,1,0,1,50,29.686
4,0.108596,22,0.00495463,0.00495463,1,1,38,15,4,2,1,3,64,24.162
4,0.108596,23,0.00495463,0.00495463,1,1,36,15,4,1,0,1,50,23.28
4,0.108596,24,0.00495463,0.00495463,1,1,36,15,4,1,0,1,50,31.027
4,0.108596,25,0.00495463,0.00495463,1,1,38,15,4,2,1,3,64,19.742
4,0.108596,26,0.00495463,0.00495463,1,1,38,15,4,2,1,3,64,19.426
4,0.108596,27,0.00495463,0.00495463,1,1,36,15,4,1,0,1,50,18.243
4,0.108596,28,0.00495463,0.00495463,1,1,36,15,4,1,0,1,50,21.889
4,0.108596,29,0.00495463,0.00495463,1,1,38,15,4,2,1,3,64,18.035
4,0.108596,30,0.00495463,0.00495463,1,1,38,15,4,2,1,3,64,18.4
4,0.108596,31,0.00495463,0.00495463,1,1,36,15,4,1,0,1,50,28.903
4,0.108596,32,0.00495463,0.00495463,1,1,35,15,2,2,1,3,50,20.73
4,0.108596,33,0.00495463,0.00495463,1,1,33,15,2,1,0,1,36,18.926
4,0.108596,34,0.00495463,0.00495463,1,1,33,15,2,1,0,1,36,22.193
4,0.108596,35,0.00495463,0.00495463,1,1,35,15,2,2,1,3,50,24.557
4,0.230707,0,0.00587705,0.00587705,1,1,23,5,10,1,1,2,89,27.154
4,0.230707,1,0.00587705,0.00587705,1,1,23,5,10,1,1,2,89,31.389
4,0.230707,2,0.00587705,0.00587705,1,1,23,5,10,1,1,2,89,37.286
4,0.230707,3,0.00587705,0.00587705,1,1,23,5,10,1,1,2,89,27.803
4,0.230707,4,0.00587705,0.00587705,1,1,23,5,10,1,1,2,89,25.985
4,0.230707,5,0.00587705,0.00587705,1,1,23,5,10,1,1,2,89,33.112
4,0.230707,6,0.00587705,0.00587705,1,1,23,5,10,1,1,2,89,31.642
4,0.230707,7,0.00587705,0.00587705,1,1,23,5,10,1,1,2,89,32.577
4,0.230707,8,0.00587705,0.00587705,1,1,23,5,10,1,1,2,89,23.296
4,0.230707,9,0.00587705,0.00587705,1,1,23,5,10,1,1,2,89,27.258
4,0.230707,10,0.00587705,0.00587705,1,1,23,5,10,1,1,2,89,32.255
4,0.230707,11,0.00587705,0.00587705,1,1,23,5,10,1,1,2,89,29.947
4,0.230707,12,0.00587705,0.00587705,1,1,23,7,8,1,1,2,77,42.157
4,0.230707,13,0.00587705,0.00587705,1,1,23,7,8,1,1,2,77,34.283
4,0.230707,14,0.00587705,0.00587705,1,1,23,7,8,1,1,2,77,42.224
4,0.230707,15,0.00587705,0.00587705,1,1,23,7,8,1,1,2,77,28.604
4,0.230707,16,0.00587705,0.00587705,1,1,23,5,10,1,1,2,89,50.64
4,0.230707,17,0.00587705,0.00587705,1,1,23,5,10,1,1,2,89,27.844
4,0.230707,18,0.00587705,0.00587705,1,1,23,5,10,1,1,2,89,44.34
4,0.230707,19,0.00587705,0.00587705,1,1,23,5,10,1,1,2,89,32.294
4,0.230707,20,0.00587705,0.00587705,1,1,23,7,8,1,1,2,77,45.235
4,0.230707,21,0.00587705,0.00587705,1,1,23,7,8,1,1,2,77,36.645
4,0.230707,22,0.00587705,0.00587705,1,1,23,7,8,1,1,2,77,42.841
4,0.230707,23,0.00587705,0.00587705,1,1,23,7,8,1,1,2,77,31.819
4,0.230707,24,0.00587705,0.00587705,1,1,23,5,10,1,1,2,89,44.251
4,0.230707,25,0.00587705,0.00587705,1,1,23,5,10,1,1,2,89,24.379
4,0.230707,26,0.00587705,0.00587705,1,1,23,5,10,1,1,2,89,29.772
4,0.230707,27,0.00587705,0.00587705,1,1,23,5,10,1,1,2,89,34.806
4,0.230707,28,0.00587705,0.00587705,1,1,23,7,8,1,1,2,77,25.124
4,0.230707,29,0.00587705,0.00587705,1,1,23,7,8,1,1,2,77,31.32
4,0.230707,30,0.00587705,0.00587705,1,1,23,7,8,1,1,2,77,52.079
4,0.230707,31,0.00587705,0.00587705,1,1,23,7,8,1,1,2,77,40.487
4,0.230707,32,0.00587705,0.00587705,1,1,23,5,10,1,1,2,89,24.004
4,0.230707,33,0.00587705,0.00587705,1,1,23,5,10,1,1,2,89,24.867
4,0.230707,34,0.00587705,0.00587705,1,1,23,5,10,1,1,2,89,40.146
4,0.230707,35,0.00587705,0.00587705,1,1,23,5,10,1,1,2,89,47.413
4,0.32704,0,0.00536232,0.00536232,1,1,33,11,6,3,1,4,81,18.518
4,0.32704,1,0.00536232,0.00536232,1,1,31,11,6,2,0,2,67,16.77
4,0.32704,2,0.00536232,0.00536232,1,1,31,11,6,2,0,2,67,20.295
4,0.32704,3,0.00536232,0.00536232,1,1,33,11,6,3,1,4,81,28.126
4,0.32704,4,0.00536232,0.00536232,1,1,33,13,4,3,1,4,69,27.314
4,0.32704,5,0.00536232,0.00536232,1,1,31,13,4,2,0,2,55,16.486
4,0.32704,6,0.00536232,0.00536232,1,1,33,13,4,3,1,4,69,14.99
4,0.32704,7,0.00536232,0.00536232,1,1,31,13,4,2,0,2,55,24.825
4,0.32704,8,0.00536232,0.00536232,1,1,33,13,4,3,1,4,69,24.288
4,0.32704,9,0.00536232,0.00536232,1,1,31,13,4,2,0,2,55,16.208
4,0.32704,10,0.00536232,0.00536232,1,1,33,13,4,3,1,4,69,14.897
4,0.32704,11,0.00536232,0.00536232,1,1,31,13,4,2,0,2,55,17.844
4,0.32704,12,0.00536232,0.00536232,1,1,33,11,6,3,1,4,81,27.392
4,0.32704,13,0.00536232,0.00536232,1,1,31,11,6,2,0,2,67,16.879
4,0.32704,14,0.00536232,0.00536232,1,1,33,11,6,3,1,4,81,20.891
4,0.32704,15,0.00536232,0.00536232,1,1,31,11,6,2,0,2,67,15.593
4,0.32704,16,0.00536232,0.00536232,1,1,33,11,6,3,1,4,81,16.888
4,0.32704,17,0.00536232,0.00536232,1,1,31,11,6,2,0,2,67,15.718
4,0.32704,18,0.00536232,0.00536232,1,1,33,11,6,3,1,4,81,16.469
4,0.32704,19,0.00536232,0.00536232,1,1,31,11,6,2,0,2,67,24.704
4,0.32704,20,0.00536232,0.00536232,1,1,33,11,6,3,1,4,81,17.658
4,0.32704,21,0.00536232,0.00536232,1,1,31,11,6,2,0,2,67,21.124
4,0.32704,22,0.00536232,0.00536232,1,1,31,11,6,2,0,2,67,21.43
4,0.32704,23,0.00536232,0.00536232,1,1,33,11,6,3,1,4,81,19.089
4,0.32704,24,0.00536232,0.00536232,1,1,31,11,6,2,0,2,67,24.222
4,0.32704,25,0.00536232,0.00536232,1,1,33,11,6,3,1,4,81,17.27
4,0.32704,26,0.00536232,0.00536232,1,1,33,11,6,3,1,4,81,19.047
4,0.32704,27,0.00536232,0.00536232,1,1,31,11,6,2,0,2,67,17.756
4,0.32704,28,0.00536232,0.00536232,1,1,31,13,4,2,0,2,55,26.788
4,0.32704,29,0.00536232,0.00536232,1,1,33,13,4,3,1,4,69,20.3
4,0.32704,30,0.00536232,0.00536232,1,1,31,13,4,2,0,2,55,25.357
4,0.32704,31,0.00536232,0.00536232,1,1,33,13,4,3,1,4,69,14.937
4,0.32704,32,0.00536232,0.00536232,1,1,31,11,6,2,0,2,67,16.247
4,0.32704,33,0.00536232,0.00536232,1,1,33,11,6,3,1,4,81,20.106
4,0.32704,34,0.00536232,0.00536232,1,1,31,11,6,2,0,2,67,13.812
4,0.32704,35,0.00536232,0.00536232,1,1,33,11,6,3,1,4,81,25.22
4,0.418515,0,0.00464978,0.00464978,1,1,47,21,2,1,1,2,49,6.13
4,0.418515,1,0.00464978,0.00464978,1,1,45,21,2,0,0,0,35,5.822
4,0.418515,2,0.00464978,0.00464978,1,1,47,21,2,1,1,2,49,6.397
4,0.418515,3,0.00464978,0.00464978,1,1,45,21,2,0,0,0,35,8.228
4,0.418515,4,0.00464978,0.00464978,1,1,47,23,0,1,1,2,37,7.408
4,0.418515,5,0.00464978,0.00464978,1,1,45,23,0,0,0,0,23,7.191
4,0.418515,6,0.00464978,0.00464978,1,1,45,23,0,0,0,0,23,10.895
4,0.418515,7,0.00464978,0.00464978,1,1,47,23,0,1,1,2,37,6.323
4,0.418515,8,0.00464978,0.00464978,1,1,45,21,2,0,0,0,35,8.373
4,0.418515,9,0.00464978,0.00464978,1,1,47,21,2,1,1,2,49,12.052
4,0.418515,10,0.00464978,0.00464978,1,1,45,21,2,0,0,0,35,6.476
4,0.418515,11,0.00464978,0.00464978,1,1,47,21,2,1,1,2,49,8.604
4,0.418515,12,0.00464978,0.00464978,1,1,47,21,2,1,1,2,49,12.033
4,0.418515,13,0.00464978,0.00464978,1,1,45,21,2,0,0,0,35,8.018
4,0.418515,14,0.00464978,0.00464978,1,1,47,21,2,1,1,2,49,10.734
4,0.418515,15,0.00464978,0.00464978,1,1,45,21,2,0,0,0,35,6.065
4,0.418515,16,0.00464978,0.00464978,1,1,47,23,0,1,1,2,37,11.137
4,0.418515,17,0.00464978,0.00464978,1,1,45,23,0,0,0,0,23,9.256
4,0.418515,18,0.00464978,0.00464978,1,1,45,23,0,0,0,0,23,6.865
4,0.418515,19,0.00464978,0.00464978,1,1,47,23,0,1,1,2,37,10.913
4,0.418515,20,0.00464978,0.00464978,1,1,45,21,2,0,0,0,35,10.343
4,0.418515,21,0.00464978,0.00464978,1,1,47,21,2,1,1,2,49,5.763
4,0.418515,22,0.00464978,0.00464978,1,1,47,21,2,1,1,2,49,9.35
4,0.418515,23,0.00464978,0.00464978,1,1,45,21,2,0,0,0,35,11.904
4,0.418515,24,0.00464978,0.00464978,1,1,47,21,2,1,1,2,49,5.81
4,0.418515,25,0.00464978,0.00464978,1,1,45,21,2,0,0,0,35,10.402
4,0.418515,26,0.00464978,0.00464978,1,1,47,21,2,1,1,2,49,8.644
4,0.418515,27,0.00464978,0.00464978,1,1,45,21,2,0,0,0,35,6.604
4,0.418515,28,0.00464978,0.00464978,1,1,47,23,0,1,1,2,37,6.672
4,0.418515,29,0.00464978,0.00464978,1,1,45,23,0,0,0,0,23,8.474
4,0.418515,30,0.00464978,0.00464978,1,1,45,23,0,0,0,0,23,6.454
4,0.418515,31,0.00464978,0.00464978,1,1,47,23,0,1,1,2,37,7.325
4,0.418515,32,0.00464978,0.00464978,1,1,45,21,2,0,0,0,35,8.381
4,0.418515,33,0.00464978,0.00464978,1,1,47,21,2,1,1,2,49,6.453
4,0.418515,34,0.00464978,0.00464978,1,1,47,21,2,1,1,2,49,6.056
4,0.418515,35,0.00464978,0.00464978,1,1,45,21,2,0,0,0,35,5.648
4,0.523997,0,0.00575756,0.00575756,1,1,41,19,2,1,1,2,47,12.586
4,0.523997,1,0.00575756,0.00575756,1,1,39,19,2,0,0,0,33,12.141
4,0.523997,2,0.00575756,0.00575756,1,1,41,19,2,1,1,2,47,16.989
4,0.523997,3,0.00575756,0.00575756,1,1,39,19,2,0,0,0,33,12.245
4,0.523997,4,0.00575756,0.00575756,1,1,41,17,4,1,1,2,59,12.334
4,0.523997,5,0.00575756,0.00575756,1,1,39,17,4,0,0,0,45,11.989
4,0.523997,6,0.00575756,0.00575756,1,1,39,17,4,0,0,0,45,17.886
4,0.523997,7,0.00575756,0.00575756,1,1,41,17,4,1,1,2,59,19.844
4,0.523997,8,0.00575756,0.00575756,1,1,41,17,4,1,1,2,59,12.122
4,0.523997,9,0.00575756,0.00575756,1,1,39,17,4,0,0,0,45,12.04
4,0.523997,10,0.00575756,0.00575756,1,1,41,17,4,1,1,2,59,23.98
4,0.523997,11,0.00575756,0.00575756,1,1,39,17,4,0,0,0,45,14.35
4,0.523997,12,0.00575756,0.00575756,1,1,41,17,4,1,1,2,59,12.226
4,0.523997,13,0.00575756,0.00575756,1,1,39,17,4,0,0,0,45,13.811
4,0.523997,14,0.00575756,0.00575756,1,1,41,17,4,1,1,2,59,12.243
4,0.523997,15,0.00575756,0.00575756,1,1,39,17,4,0,0,0,45,15.021
4,0.523997,16,0.00575756,0.00575756,1,1,41,19,2,1,1,2,47,12.544
4,0.523997,17,0.00575756,0.00575756,1,1,39,19,2,0,0,0,33,21.443
4,0.523997,18,0.00575756,0.00575756,1,1,41,19,2,1,1,2,47,670.962
4,0.523997,19,0.00575756,0.00575756,1,1,39,19,2,0,0,0,33,12.25
4,0.523997,20,0.00575756,0.00575756,1,1,41,17,4,1,1,2,59,669.931
4,0.523997,21,0.00575756,0.00575756,1,1,39,17,4,0,0,0,45,665.018
4,0.523997,22,0.00575756,0.00575756,1,1,41,17,4,1,1,2,59,669.284
4,0.523997,23,0.00575756,0.00575756,1,1,39,17,4,0,0,0,45,8.208
4,0.523997,24,0.00575756,0.00575756,1,1,39,19,2,0,0,0,33,18.252
4,0.523997,25,0.00575756,0.00575756,1,1,41,19,2,1,1,2,47,10.49
4,0.523997,26,0.00575756,0.00575756,1,1,39,19,2,0,0,0,33,11.231
4,0.523997,27,0.00575756,0.00575756,1,1,41,19,2,1,1,2,47,18.568
4,0.523997,28,0.00575756,0.00575756,1,1,39,17,4,0,0,0,45,9.97
4,0.523997,29,0.00575756,0.00575756,1,1,41,17,4,1,1,2,59,10.202
4,0.523997,30,0.00575756,0.00575756,1,1,39,17,4,0,0,0,45,19.063
4,0.523997,31,0.00575756,0.00575756,1,1,41,17,4,1,1,2,59,10.212
4,0.523997,32,0.00575756,0.00575756,1,1,39,17,4,0,0,0,45,9.592
4,0.523997,33,0.00575756,0.00575756,1,1,41,17,4,1,1,2,59,17.722
4,0.523997,34,0.00575756,0.00575756,1,1,39,17,4,0,0,0,45,9.247
4,0.523997,35,0.00575756,0.00575756,1,1,41,17,4,1,1,2,59,14.548
4,0.653584,0,0.00517061,0.00517061,1,1,19,5,8,2,0,2,75,29.61
4,0.653584,1,0.00517061,0.00517061,1,1,21,5,8,3,1,4,89,15.882
4,0.653584,2,0.00517061,0.00517061,1,1,21,5,8,3,1,4,89,27.9
4,0.653584,3,0.00517061,0.00517061,1,1,19,5,8,2,0,2,75,17.991
4,0.653584,4,0.00517061,0.00517061,1,1,21,3,10,3,1,4,101,17.226
4,0.653584,5,0.00517061,0.00517061,1,1,19,3,10,2,0,2,87,32.166
4,0.653584,6,0.00517061,0.00517061,1,1,21,3,10,3,1,4,101,19.134
4,0.653584,7,0.00517061,0.00517061,1,1,19,3,10,2,0,2,87,27.744
4,0.653584,8,0.00517061,0.00517061,1,1,21,3,10,3,1,4,101,15.838
4,0.653584,9,0.00517061,0.00517061,1,1,19,3,10,2,0,2,87,19.31
4,0.653584,10,0.00517061,0.00517061,1,1,21,3,10,3,1,4,101,14.373
4,0.653584,11,0.00517061,0.00517061,1,1,19,3,10,2,0,2,87,26.458
4,0.653584,12,0.00517061,0.00517061,1,1,21,3,10,3,1,4,101,27.299
4,0.653584,13,0.00517061,0.00517061,1,1,19,3,10,2,0,2,87,14.874
4,0.653584,14,0.00517061,0.00517061,1,1,21,3,10,3,1,4,101,21.85
4,0.653584,15,0.00517061,0.00517061,1,1,19,3,10,2,0,2,87,16.69
4,0.653584,16,0.00517061,0.00517061,1,1,19,3,10,2,0,2,87,29.225
4,0.653584,17,0.00517061,0.00517061,1,1,21,3,10,3,1,4,101,15.722
4,0.653584,18,0.00517061,0.00517061,1,1,21,3,10,3,1,4,101,26.801
4,0.653584,19,0.00517061,0.00517061,1,1,19,3,10,2,0,2,87,25.494
4,0.653584,20,0.00517061,0.00517061,1,1,19,5,8,2,0,2,75,15.875
4,0.653584,21,0.00517061,0.00517061,1,1,21,5,8,3,1,4,89,29.871
4,0.653584,22,0.00517061,0.00517061,1,1,21,5,8,3,1,4,89,27.965
4,0.653584,23,0.00517061,0.00517061,1,1,19,5,8,2,0,2,75,14.968
4,0.653584,24,0.00517061,0.00517061,1,1,19,5,8,2,0,2,75,14.989
4,0.653584,25,0.00517061,0.00517061,1,1,21,5,8,3,1,4,89,14.643
4,0.653584,26,0.00517061,0.00517061,1,1,21,5,8,3,1,4,89,15.401
4,0.653584,27,0.00517061,0.00517061,1,1,19,5,8,2,0,2,75,28.972
4,0.653584,28,0.00517061,0.00517061,1,1,19,3,10,2,0,2,87,27.11
4,0.653584,29,0.00517061,0.00517061,1,1,21,3,10,3,1,4,101,15.022
4,0.653584,30,0.00517061,0.00517061,1,1,19,3,10,2,0,2,87,17.198
4,0.653584,31,0.00517061,0.00517061,1,1,21,3,10,3,1,4,101,18.594
4,0.653584,32,0.00517061,0.00517061,1,1,19,3,10,2,0,2,87,26.678
4,0.653584,33,0.00517061,0.00517061,1,1,21,3,10,3,1,4,101,14.448
4,0.653584,34,0.00517061,0.00517061,1,1,19,3,10,2,0,2,87,29.493
4,0.653584,35,0.00517061,0.00517061,1,1,21,3,10,3,1,4,101,16.318
4,0.750958,0,0.00529518,0.00529518,1,1,27,7,8,3,1,4,91,19.501
4,0.750958,1,0.00529518,0.00529518,1,1,27,7,8,3,1,4,91,34.289
4,0.750958,2,0.00529518,0.00529518,1,1,27,7,8,3,1,4,91,17.963
4,0.750958,3,0.00529518,0.00529518,1,1,27,7,8,3,1,4,91,32.354
4,0.750958,4,0.00529518,0.00529518,1,1,27,9,6,3,1,4,79,18.674
4,0.750958,5,0.00529518,0.00529518,1,1,27,9,6,3,1,4,79,19.793
4,0.750958,6,0.00529518,0.00529518,1,1,27,9,6,3,1,4,79,18.208
4,0.750958,7,0.00529518,0.00529518,1,1,27,9,6,3,1,4,79,32.596
4,0.750958,8,0.00529518,0.00529518,1,1,27,7,8,3,1,4,91,33.593
4,0.750958,9,0.00529518,0.00529518,1,1,27,7,8,3,1,4,91,18.054
4,0.750958,10,0.00529518,0.00529518,1,1,27,7,8,3,1,4,91,23.397
4,0.750958,11,0.00529518,0.00529518,1,1,27,7,8,3,1,4,91,23.108
4,0.750958,12,0.00529518,0.00529518,1,1,27,9,6,3,1,4,79,37.456
4,0.750958,13,0.00529518,0.00529518,1,1,27,9,6,3,1,4,79,22.456
4,0.750958,14,0.00529518,0.00529518,1,1,27,9,6,3,1,4,79,35.144
4,0.750958,15,0.00529518,0.00529518,1,1,27,9,6,3,1,4,79,21.008
4,0.750958,16,0.00529518,0.00529518,1,1,27,7,8,3,1,4,91,19.267
4,0.750958,17,0.00529518,0.00529518,1,1,27,7,8,3,1,4,91,20.347
4,0.750958,18,0.00529518,0.00529518,1,1,27,7,8,3,1,4,91,33.067
4,0.750958,19,0.00529518,0.00529518,1,1,27,7,8,3,1,4,91,35.265
4,0.750958,20,0.00529518,0.00529518,1,1,27,7,8,3,1,4,91,20.483
4,0.750958,21,0.00529518,0.00529518,1,1,27,7,8,3,1,4,91,18.244
4,0.750958,22,0.00529518,0.00529518,1,1,27,7,8,3,1,4,91,20.15
4,0.750958,23,0.00529518,0.00529518,1,1,27,7,8,3,1,4,91,33.896
4,0.750958,24,0.00529518,0.00529518,1,1,27,9,6,3,1,4,79,34.151
4,0.750958,25,0.00529518,0.00529518,1,1,27,9,6,3,1,4,79,19.69
4,0.750958,26,0.00529518,0.00529518,1,1,27,9,6,3,1,4,79,20.09
4,0.750958,27,0.00529518,0.00529518,1,1,27,9,6,3,1,4,79,19.316
4,0.750958,28,0.00529518,0.00529518,1,1,27,7,8,3,1,4,91,18.055
4,0.750958,29,0.00529518,0.00529518,1,1,27,7,8,3,1,4,91,35.682
4,0.750958,30,0.00529518,0.00529518,1,1,27,7,8,3,1,4,91,35.698
4,0.750958,31,0.00529518,0.00529518,1,1,27,7,8,3,1,4,91,20.745
4,0.750958,32,0.00529518,0.00529518,1,1,27,7,8,3,1,4,91,20.514
4,0.750958,33,0.00529518,0.00529518,1,1,27,7,8,3,1,4,91,17.898
4,0.750958,34,0.00529518,0.00529518,1,1,27,7,8,3,1,4,91,38.028
4,0.750958,35,0.00529518,0.00529518,1,1,27,7,8,3,1,4,91,18.525
4,0.884369,0,0.00546505,0.00546505,1,1,33,13,6,0,0,0,55,33.611
4,0.884369,1,0.00546505,0.00546505,1,1,35,13,6,1,1,2,69,18.046
4,0.884369,2,0.00546505,0.00546505,1,1,35,13,6,1,1,2,69,18.249
4,0.884369,3,0.00546505,0.00546505,1,1,33,13,6,0,0,0,55,18.075
4,0.884369,4,0.00546505,0.00546505,1,1,35,15,4,1,1,2,57,34.133
4,0.884369,5,0.00546505,0.00546505,1,1,33,15,4,0,0,0,43,33.939
4,0.884369,6,0.00546505,0.00546505,1,1,35,15,4,1,1,2,57,17.624
4,0.884369,7,0.00546505,0.00546505,1,1,33,15,4,0,0,0,43,18.89
4,0.884369,8,0.00546505,0.00546505,1,1,35,13,6,1,1,2,69,17.559
4,0.884369,9,0.00546505,0.00546505,1,1,33,13,6,0,0,0,55,21.846
4,0.884369,10,0.00546505,0.00546505,1,1,33,13,6,0,0,0,55,34.125
4,0.884369,11,0.00546505,0.00546505,1,1,35,13,6,1,1,2,69,34.241
4,0.884369,12,0.00546505,0.00546505,1,1,35,13,6,1,1,2,69,18.286
4,0.884369,13,0.00546505,0.00546505,1,1,33,13,6,0,0,0,55,21.931
4,0.884369,14,0.00546505,0.00546505,1,1,33,13,6,0,0,0,55,18.54
4,0.884369,15,0.00546505,0.00546505,1,1,35,13,6,1,1,2,69,34.13
4,0.884369,16,0.00546505,0.00546505,1,1,35,13,6,1,1,2,69,34.024
4,0.884369,17,0.00546505,0.00546505,1,1,33,13,6,0,0,0,55,18.287
4,0.884369,18,0.00546505,0.00546505,1,1,33,13,6,0,0,0,55,18.389
4,0.884369,19,0.00546505,0.00546505,1,1,35,13,6,1,1,2,69,19.269
4,0.884369,20,0.00546505,0.00546505,1,1,33,15,4,0,0,0,43,26.469
4,0.884369,21,0.00546505,0.00546505,1,1,35,15,4,1,1,2,57,34.438
4,0.884369,22,0.00546505,0.00546505,1,1,35,15,4,1,1,2,57,33.111
4,0.884369,23,0.00546505,0.00546505,1,1,33,15,4,0,0,0,43,17.913
4,0.884369,24,0.00546505,0.00546505,1,1,35,13,6,1,1,2,69,18.728
4,0.884369,25,0.00546505,0.00546505,1,1,33,13,6,0,0,0,55,21.392
4,0.884369,26,0.00546505,0.00546505,1,1,35,13,6,1,1,2,69,33.032
4,0.884369,27,0.00546505,0.00546505,1,1,33,13,6,0,0,0,55,32.935
4,0.884369,28,0.00546505,0.00546505,1,1,33,15,4,0,0,0,43,21.633
4,0.884369,29,0.00546505,0.00546505,1,1,35,15,4,1,1,2,57,18.451
4,0.884369,30,0.00546505,0.00546505,1,1,35,15,4,1,1,2,57,18.493
4,0.884369,31,0.00546505,0.00546505,1,1,33,15,4,0,0,0,43,19.855
4,0.884369,32,0.00546505,0.00546505,1,1,33,13,6,0,0,0,55,33.257
4,0.884369,33,0.00546505,0.00546505,1,1,35,13,6,1,1,2,69,33.499
4,0.884369,34,0.00546505,0.00546505,1,1,33,13,6,0,0,0,55,23.615
4,0.884369,35,0.00546505,0.00546505,1,1,35,13,6,1,1,2,69,19.048
4,0.987456,0,0.00534144,0.00534144,1,1,41,17,4,1,1,2,59,12.548
4,0.987456,1,0.00534144,0.00534144,1,1,41,17,4,1,1,2,59,22.518
4,0.987456,2,0.00534144,0.00534144,1,1,41,17,4,1,1,2,59,22.521
4,0.987456,3,0.00534144,0.00534144,1,1,41,17,4,1,1,2,59,12.164
4,0.987456,4,0.00534144,0.00534144,1,1,41,17,4,1,1,2,59,12.986
4,0.987456,5,0.00534144,0.00534144,1,1,41,17,4,1,1,2,59,12.96
4,0.987456,6,0.00534144,0.00534144,1,1,41,17,4,1,1,2,59,22.341
4,0.987456,7,0.00534144,0.00534144,1,1,41,17,4,1,1,2,59,23.615
4,0.987456,8,0.00534144,0.00534144,1,1,41,19,2,1,1,2,47,13.078
4,0.987456,9,0.00534144,0.00534144,1,1,41,19,2,1,1,2,47,17.984
4,0.987456,10,0.00534144,0.00534144,1,1,41,19,2,1,1,2,47,12.102
4,0.987456,11,0.00534144,0.00534144,1,1,41,19,2,1,1,2,47,22.37
4,0.987456,12,0.00534144,0.00534144,1,1,41,17,4,1,1,2,59,22.402
4,0.987456,13,0.00534144,0.00534144,1,1,41,17,4,1,1,2,59,14.162
4,0.987456,14,0.00534144,0.00534144,1,1,41,17,4,1,1,2,59,11.981
4,0.987456,15,0.00534144,0.00534144,1,1,41,17,4,1,1,2,59,12.37
4,0.987456,16,0.00534144,0.00534144,1,1,41,17,4,1,1,2,59,11.969
4,0.987456,17,0.00534144,0.00534144,1,1,41,17,4,1,1,2,59,18.96
4,0.987456,18,0.00534144,0.00534144,1,1,41,17,4,1,1,2,59,23.498
4,0.987456,19,0.00534144,0.00534144,1,1,41,17,4,1,1,2,59,13.667
4,0.987456,20,0.00534144,0.00534144,1,1,41,17,4,1,1,2,59,11.302
4,0.987456,21,0.00534144,0.00534144,1,1,41,17,4,1,1,2,59,11.424
4,0.987456,22,0.00534144,0.00534144,1,1,41,17,4,1,1,2,59,16.477
4,0.987456,23,0.00534144,0.00534144,1,1,41,17,4,1,1,2,59,16.514
4,0.987456,24,0.00534144,0.00534144,1,1,41,19,2,1,1,2,47,23.985
4,0.987456,25,0.00534144,0.00534144,1,1,41,19,2,1,1,2,47,12.361
4,0.987456,26,0.00534144,0.00534144,1,1,41,19,2,1,1,2,47,12.368
4,0.987456,27,0.00534144,0.00534144,1,1,41,19,2,1,1,2,47,27.863
4,0.987456,28,0.00534144,0.00534144,1,1,41,19,2,1,1,2,47,18.853
4,0.987456,29,0.00534144,0.00534144,1,1,41,19,2,1,1,2,47,26.658
4,0.987456,30,0.00534144,0.00534144,1,1,41,19,2,1,1,2,47,32.005
4,0.987456,31,0.00534144,0.00534144,1,1,41,19,2,1,1,2,47,21.611
4,0.987456,32,0.00534144,0.00534144,1,1,41,17,4,1,1,2,59,28.393
4,0.987456,33,0.00534144,0.00534144,1,1,41,17,4,1,1,2,59,14.154
4,0.987456,34,0.00534144,0.00534144,1,1,41,17,4,1,1,2,59,23.204
4,0.987456,35,0.00534144,0.00534144,1,1,41,17,4,1,1,2,59,11.773
4,1.08359,0,0.00585325,0.00585325,1,1,18,3,8,4,1,5,94,8.226
4,1.08359,1,0.00585325,0.00585325,1,1,18,3,8,4,1,5,94,16.91
4,1.08359,2,0.00585325,0.00585325,1,1,18,3,8,4,1,5,94,7.752
4,1.08359,3,0.00585325,0.00585325,1,1,18,3,8,4,1,5,94,9.722
4,1.08359,4,0.00585325,0.00585325,1,1,18,1,10,4,1,5,106,8.206
4,1.08359,5,0.00585325,0.00585325,1,1,18,1,10,4,1,5,106,15.909
4,1.08359,6,0.00585325,0.00585325,1,1,18,1,10,4,1,5,106,8.044
4,1.08359,7,0.00585325,0.00585325,1,1,18,1,10,4,1,5,106,13.435
4,1.08359,8,0.00585325,0.00585325,1,1,18,1,10,4,1,5,106,7.841
4,1.08359,9,0.00585325,0.00585325,1,1,18,1,10,4,1,5,106,8.12
4,1.08359,10,0.00585325,0.00585325,1,1,18,1,10,4,1,5,106,6.413
4,1.08359,11,0.00585325,0.00585325,1,1,18,1,10,4,1,5,106,11.296
4,1.08359,12,0.00585325,0.00585325,1,1,18,1,10,4,1,5,106,10.357
4,1.08359,13,0.00585325,0.00585325,1,1,18,1,10,4,1,5,106,19.442
4,1.08359,14,0.00585325,0.00585325,1,1,18,1,10,4,1,5,106,7.49
4,1.08359,15,0.00585325,0.00585325,1,1,18,1,10,4,1,5,106,7.272
4,1.08359,16,0.00585325,0.00585325,1,1,18,1,10,4,1,5,106,8.05
4,1.08359,17,0.00585325,0.00585325,1,1,18,1,10,4,1,5,106,7.734
4,1.08359,18,0.00585325,0.00585325,1,1,18,1,10,4,1,5,106,7.893
4,1.08359,19,0.00585325,0.00585325,1,1,18,1,10,4,1,5,106,6.259
4,1.08359,20,0.00585325,0.00585325,1,1,18,1,10,4,1,5,106,6.972
4,1.08359,21,0.00585325,0.00585325,1,1,18,1,10,4,1,5,106,16.167
4,1.08359,22,0.00585325,0.00585325,1,1,18,1,10,4,1,5,106,14.386
4,1.08359,23,0.00585325,0.00585325,1,1,18,1,10,4,1,5,106,13.511
4,1.08359,24,0.00585325,0.00585325,1,1,18,3,8,4,1,5,94,10.267
4,1.08359,25,0.00585325,0.00585325,1,1,18,3,8,4,1,5,94,10.116
4,1.08359,26,0.00585325,0.00585325,1,1,18,3,8,4,1,5,94,17.71
4,1.08359,27,0.00585325,0.00585325,1,1,18,3,8,4,1,5,94,18.128
4,1.08359,28,0.00585325,0.00585325,1,1,18,1,10,4,1,5,106,16.558
4,1.08359,29,0.00585325,0.00585325,1,1,18,1,10,4,1,5,106,17.675
4,1.08359,30,0.00585325,0.00585325,1,1,18,1,10,4,1,5,106,22.721
4,1.08359,31,0.00585325,0.00585325,1,1,18,1,10,4,1,5,106,20.478
4,1.08359,32,0.00585325,0.00585325,1,1,18,3,8,4,1,5,94,24.753
4,1.08359,33,0.00585325,0.00585325,1,1,18,3,8,4,1,5,94,16.888
4,1.08359,34,0.00585325,0.00585325,1,1,18,3,8,4,1,5,94,14.673
4,1.08359,35,0.00585325,0.00585325,1,1,18,3,8,4,1,5,94,7.782
4,1.17931,0,0.00495742,0.00495742,1,1,35,13,6,1,1,2,69,33.574
4,1.17931,1,0.00495742,0.00495742,1,1,33,13,6,0,0,0,55,20.47
4,1.17931,2,0.00495742,0.00495742,1,1,35,13,6,1,1,2,69,22.013
4,1.17931,3,0.00495742,0.00495742,1,1,33,13,6,0,0,0,55,35.881
4,1.17931,4,0.00495742,0.00495742,1,1,33,13,6,0,0,0,55,18.953
4,1.17931,5,0.00495742,0.00495742,1,1,35,13,6,1,1,2,69,26.823
4,1.17931,6,0.00495742,0.00495742,1,1,35,13,6,1,1,2,69,32.976
4,1.17931,7,0.00495742,0.00495742,1,1,33,13,6,0,0,0,55,19.497
4,1.17931,8,0.00495742,0.00495742,1,1,35,13,6,1,1,2,69,38.086
4,1.17931,9,0.00495742,0.00495742,1,1,33,13,6,0,0,0,55,22.462
4,1.17931,10,0.00495742,0.00495742,1,1,35,13,6,1,1,2,69,18.496
4,1.17931,11,0.00495742,0.00495742,1,1,33,13,6,0,0,0,55,38.602
4,1.17931,12,0.00495742,0.00495742,1,1,35,15,4,1,1,2,57,35.71
4,1.17931,13,0.00495742,0.00495742,1,1,33,15,4,0,0,0,43,35.439
4,1.17931,14,0.00495742,0.00495742,1,1,35,15,4,1,1,2,57,43.204
4,1.17931,15,0.00495742,0.00495742,1,1,33,15,4,0,0,0,43,19.53
4,1.17931,16,0.00495742,0.00495742,1,1,35,15,4,1,1,2,57,20.135
4,1.17931,17,0.00495742,0.00495742,1,1,33,15,4,0,0,0,43,22.94
4,1.17931,18,0.00495742,0.00495742,1,1,35,15,4,1,1,2,57,20.328
4,1.17931,19,0.00495742,0.00495742,1,1,33,15,4,0,0,0,43,36.565
4,1.17931,20,0.00495742,0.00495742,1,1,33,13,6,0,0,0,55,22.746
4,1.17931,21,0.00495742,0.00495742,1,1,35,13,6,1,1,2,69,19.107
4,1.17931,22,0.00495742,0.00495742,1,1,33,13,6,0,0,0,55,19.794
4,1.17931,23,0.00495742,0.00495742,1,1,35,13,6,1,1,2,69,20.168
4,1.17931,24,0.00495742,0.00495742,1,1,33,13,6,0,0,0,55,27.289
4,1.17931,25,0.00495742,0.00495742,1,1,35,13,6,1,1,2,69,20.669
4,1.17931,26,0.00495742,0.00495742,1,1,35,13,6,1,1,2,69,18.264
4,1.17931,27,0.00495742,0.00495742,1,1,33,13,6,0,0,0,55,32.794
4,1.17931,28,0.00495742,0.00495742,1,1,33,15,4,0,0,0,43,20.055
4,1.17931,29,0.00495742,0.00495742,1,1,35,15,4,1,1,2,57,25.31
4,1.17931,30,0.00495742,0.00495742,1,1,33,15,4,0,0,0,43,20.658
4,1.17931,31,0.00495742,0.00495742,1,1,35,15,4,1,1,2,57,20.773
4,1.17931,32,0.00495742,0.00495742,1,1,33,13,6,0,0,0,55,25.208
4,1.17931,33,0.00495742,0.00495742,1,1,35,13,6,1,1,2,69,33.011
4,1.17931,34,0.00495742,0.00495742,1,1,35,13,6,1,1,2,69,19.105
4,1.17931,35,0.00495742,0.00495742,1,1,33,13,6,0,0,0,55,19.535
4,1.29699,0,0.0050338,0.0050338,1,1,41,17,4,1,1,2,59,11.2
4,1.29699,1,0.0050338,0.0050338,1,1,41,17,4,1,1,2,59,16.548
4,1.29699,2,0.0050338,0.0050338,1,1,41,17,4,1,1,2,59,11.766
4,1.29699,3,0.0050338,0.0050338,1,1,41,17,4,1,1,2,59,23.064
4,1.29699,4,0.0050338,0.0050338,1,1,41,19,2,1,1,2,47,11.473
4,1.29699,5,0.0050338,0.0050338,1,1,41,19,2,1,1,2,47,11.574
4,1.29699,6,0.0050338,0.0050338,1,1,41,19,2,1,1,2,47,13.67
4,1.29699,7,0.0050338,0.0050338,1,1,41,19,2,1,1,2,47,13.343
4,1.29699,8,0.0050338,0.0050338,1,1,41,17,4,1,1,2,59,11.632
4,1.29699,9,0.0050338,0.0050338,1,1,41,17,4,1,1,2,59,20.623
4,1.29699,10,0.0050338,0.0050338,1,1,41,17,4,1,1,2,59,11.787
4,1.29699,11,0.0050338,0.0050338,1,1,41,17,4,1,1,2,59,18.604
4,1.29699,12,0.0050338,0.0050338,1,1,41,17,4,1,1,2,59,11.158
4,1.29699,13,0.0050338,0.0050338,1,1,41,17,4,1,1,2,59,11.791
4,1.29699,14,0.0050338,0.0050338,1,1,41,17,4,1,1,2,59,11.933
4,1.29699,15,0.0050338,0.0050338,1,1,41,17,4,1,1,2,59,22.127
4,1.29699,16,0.0050338,0.0050338,1,1,41,19,2,1,1,2,47,12.629
4,1.29699,17,0.0050338,0.0050338,1,1,41,19,2,1,1,2,47,11.992
4,1.29699,18,0.0050338,0.0050338,1,1,41,19,2,1,1,2,47,12.228
4,1.29699,19,0.0050338,0.0050338,1,1,41,19,2,1,1,2,47,12.12
4,1.29699,20,0.0050338,0.0050338,1,1,41,17,4,1,1,2,59,18.165
4,1.29699,21,0.0050338,0.0050338,1,1,41,17,4,1,1,2,59,12.392
4,1.29699,22,0.0050338,0.0050338,1,1,41,17,4,1,1,2,59,15.622
4,1.29699,23,0.0050338,0.0050338,1,1,41,17,4,1,1,2,59,12.867
4,1.29699,24,0.0050338,0.0050338,1,1,41,19,2,1,1,2,47,12.081
4,1.29699,25,0.0050338,0.0050338,1,1,41,19,2,1,1,2,47,22.083
4,1.29699,26,0.0050338,0.0050338,1,1,41,19,2,1,1,2,47,12.168
4,1.29699,27,0.0050338,0.0050338,1,1,41,19,2,1,1,2,47,12.061
4,1.29699,28,0.0050338,0.0050338,1,1,41,17,4,1,1,2,59,11.853
4,1.29699,29,0.0050338,0.0050338,1,1,41,17,4,1,1,2,59,11.561
4,1.29699,30,0.0050338,0.0050338,1,1,41,17,4,1,1,2,59,12.209
4,1.29699,31,0.0050338,0.0050338,1,1,41,17,4,1,1,2,59,22.014
4,1.29699,32,0.0050338,0.0050338,1,1,41,17,4,1,1,2,59,13.252
4,1.29699,33,0.0050338,0.0050338,1,1,41,17,4,1,1,2,59,11.595
4,1.29699,34,0.0050338,0.0050338,1,1,41,17,4,1,1,2,59,11.58
4,1.29699,35,0.0050338,0.0050338,1,1,41,17,4,1,1,2,59,12.666
4,1.40865,0,0.00515023,0.00515023,1,1,25,7,4,5,1,6,77,13.529
4,1.40865,1,0.00515023,0.00515023,1,1,25,7,4,5,1,6,77,18.156
4,1.40865,2,0.00515023,0.00515023,1,1,25,7,4,5,1,6,77,24.879
4,1.40865,3,0.00515023,0.00515023,1,1,25,7,4,5,1,6,77,14.332
4,1.40865,4,0.00515023,0.00515023,1,1,25,7,4,5,1,6,77,15.214
4,1.40865,5,0.00515023,0.00515023,1,1,25,7,4,5,1,6,77,18.255
4,1.40865,6,0.00515023,0.00515023,1,1,25,7,4,5,1,6,77,18.526
4,1.40865,7,0.00515023,0.00515023,1,1,25,7,4,5,1,6,77,13.454
4,1.40865,8,0.00515023,0.00515023,1,1,25,9,2,5,1,6,65,26.197
4,1.40865,9,0.00515023,0.00515023,1,1,25,9,2,5,1,6,65,19.27
4,1.40865,10,0.00515023,0.00515023,1,1,25,9,2,5,1,6,65,15.343
4,1.40865,11,0.00515023,0.00515023,1,1,25,9,2,5,1,6,65,17.957
4,1.40865,12,0.00515023,0.00515023,1,1,25,7,4,5,1,6,77,25.103
4,1.40865,13,0.00515023,0.00515023,1,1,25,7,4,5,1,6,77,17.665
4,1.40865,14,0.00515023,0.00515023,1,1,25,7,4,5,1,6,77,26.236
4,1.40865,15,0.00515023,0.00515023,1,1,25,7,4,5,1,6,77,16.644
4,1.40865,16,0.00515023,0.00515023,1,1,25,7,4,5,1,6,77,16.129
4,1.40865,17,0.00515023,0.00515023,1,1,25,9,2,5,1,6,65,16.06
4,1.40865,18,0.00515023,0.00515023,1,1,25,9,2,5,1,6,65,26.318
4,1.40865,19,0.00515023,0.00515023,1,1,25,7,4,5,1,6,77,28.97
4,1.40865,20,0.00515023,0.00515023,1,1,25,9,2,5,1,6,65,15.109
4,1.40865,21,0.00515023,0.00515023,1,1,25,9,2,5,1,6,65,17.693
4,1.40865,22,0.00515023,0.00515023,1,1,25,7,4,5,1,6,77,15.424
4,1.40865,23,0.00515023,0.00515023,1,1,25,7,4,5,1,6,77,19.152
4,1.40865,24,0.00515023,0.00515023,1,1,25,9,2,5,1,6,65,28.329
4,1.40865,25,0.00515023,0.00515023,1,1,25,9,2,5,1,6,65,25.894
4,1.40865,26,0.00515023,0.00515023,1,1,25,7,4,5,1,6,77,20.397
4,1.40865,27,0.00515023,0.00515023,1,1,25,7,4,5,1,6,77,29.092
4,1.40865,28,0.00515023,0.00515023,1,1,25,9,2,5,1,6,65,38.386
4,1.40865,29,0.00515023,0.00515023,1,1,25,9,2,5,1,6,65,36.475
4,1.40865,30,0.00515023,0.00515023,1,1,25,7,4,5,1,6,77,29.888
4,1.40865,31,0.00515023,0.00515023,1,1,25,7,4,5,1,6,77,31.727
4,1.40865,32,0.00515023,0.00515023,1,1,25,7,4,5,1,6,77,28.747
4,1.40865,33,0.00515023,0.00515023,1,1,25,7,4,5,1,6,77,21.117
4,1.40865,34,0.00515023,0.00515023,1,1,25,7,4,5,1,6,77,19.472
4,1.40865,35,0.00515023,0.00515023,1,1,25,7,4,5,1,6,77,16.124
4,1.51486,0,0.00453814,0.00453814,1,1,33,13,6,0,0,0,55,29.762
4,1.51486,1,0.00453814,0.00453814,1,1,35,13,6,1,1,2,69,31.277
4,1.51486,2,0.00453814,0.00453814,1,1,33,13,6,0,0,0,55,46.987
4,1.51486,3,0.00453814,0.00453814,1,1,35,13,6,1,1,2,69,28.101
4,1.51486,4,0.00453814,0.00453814,1,1,33,13,6,0,0,0,55,51.914
4,1.51486,5,0.00453814,0.00453814,1,1,35,13,6,1,1,2,69,55.646
4,1.51486,6,0.00453814,0.00453814,1,1,33,13,6,0,0,0,55,60.902
4,1.51486,7,0.00453814,0.00453814,1,1,35,13,6,1,1,2,69,44.709
4,1.51486,8,0.00453814,0.00453814,1,1,35,13,6,1,1,2,69,38.403
4,1.51486,9,0.00453814,0.00453814,1,1,33,13,6,0,0,0,55,32.628
4,1.51486,10,0.00453814,0.00453814,1,1,35,13,6,1,1,2,69,47.712
4,1.51486,11,0.00453814,0.00453814,1,1,33,13,6,0,0,0,55,38.494
4,1.51486,12,0.00453814,0.00453814,1,1,35,13,6,1,1,2,69,46.789
4,1.51486,13,0.00453814,0.00453814,1,1,33,13,6,0,0,0,55,53.277
4,1.51486,14,0.00453814,0.00453814,1,1,33,13,6,0,0,0,55,74.336
4,1.51486,15,0.00453814,0.00453814,1,1,35,13,6,1,1,2,69,63.629
4,1.51486,16,0.00453814,0.00453814,1,1,35,15,4,1,1,2,57,52.136
4,1.51486,17,0.00453814,0.00453814,1,1,33,15,4,0,0,0,43,49.093
4,1.51486,18,0.00453814,0.00453814,1,1,33,15,4,0,0,0,43,27.554
4,1.51486,19,0.00453814,0.00453814,1,1,35,15,4,1,1,2,57,43.075
4,1.51486,20,0.00453814,0.00453814,1,1,33,15,4,0,0,0,43,34.263
4,1.51486,21,0.00453814,0.00453814,1,1,35,15,4,1,1,2,57,51.495
4,1.51486,22,0.00453814,0.00453814,1,1,33,15,4,0,0,0,43,52.538
4,1.51486,23,0.00453814,0.00453814,1,1,35,15,4,1,1,2,57,64.206
4,1.51486,24,0.00453814,0.00453814,1,1,33,13,6,0,0,0,55,52.051
4,1.51486,25,0.00453814,0.00453814,1,1,35,13,6,1,1,2,69,53.926
4,1.51486,26,0.00453814,0.00453814,1,1,35,13,6,1,1,2,69,57.321
4,1.51486,27,0.00453814,0.00453814,1,1,33,13,6,0,0,0,55,56.942
4,1.51486,28,0.00453814,0.00453814,1,1,33,13,6,0,0,0,55,56.132
4,1.51486,29,0.00453814,0.00453814,1,1,35,13,6,1,1,2,69,58.446
4,1.51486,30,0.00453814,0.00453814,1,1,35,13,6,1,1,2,69,62.519
4,1.51486,31,0.00453814,0.00453814,1,1,33,13,6,0,0,0,55,45.868
4,1.51486,32,0.00453814,0.00453814,1,1,35,15,4,1,1,2,57,43.058
4,1.51486,33,0.00453814,0.00453814,1,1,33,15,4,0,0,0,43,40.66
4,1.51486,34,0.00453814,0.00453814,1,1,35,15,4,1,1,2,57,38.713
4,1.51486,35,0.00453814,0.00453814,1,1,33,15,4,0,0,0,43,37.681
4,1.64428,0,0.00497662,0.00497662,1,1,31,11,6,2,0,2,67,17.209
4,1.64428,1,0.00497662,0.00497662,1,1,33,11,6,3,1,4,81,32.888
4,1.64428,2,0.00497662,0.00497662,1,1,31,11,6,2,0,2,67,36.442
4,1.64428,3,0.00497662,0.00497662,1,1,33,11,6,3,1,4,81,34.587
4,1.64428,4,0.00497662,0.00497662,1,1,33,11,6,3,1,4,81,35.955
4,1.64428,5,0.00497662,0.00497662,1,1,31,11,6,2,0,2,67,31.141
4,1.64428,6,0.00497662,0.00497662,1,1,31,11,6,2,0,2,67,28.613
4,1.64428,7,0.00497662,0.00497662,1,1,33,11,6,3,1,4,81,25.585
4,1.64428,8,0.00497662,0.00497662,1,1,28,11,4,2,0,2,53,25.056
4,1.64428,9,0.00497662,0.00497662,1,1,30,11,4,3,1,4,67,25.907
4,1.64428,10,0.00497662,0.00497662,1,1,30,11,5,2,0,2,60,27.637
4,1.64428,11,0.00497662,0.00497662,1,1,32,11,5,3,1,4,74,24.049
4,1.64428,12,0.00497662,0.00497662,1,1,32,11,5,3,1,4,74,38.471
4,1.64428,13,0.00497662,0.00497662,1,1,30,11,5,2,0,2,60,49.973
4,1.64428,14,0.00497662,0.00497662,1,1,28,11,4,2,0,2,53,62.417
4,1.64428,15,0.00497662,0.00497662,1,1,30,11,4,3,1,4,67,47.257
4,1.64428,16,0.00497662,0.00497662,1,1,33,11,6,3,1,4,81,47.874
4,1.64428,17,0.00497662,0.00497662,1,1,31,11,6,2,0,2,67,36.626
4,1.64428,18,0.00497662,0.00497662,1,1,33,11,6,3,1,4,81,49.528
4,1.64428,19,0.00497662,0.00497662,1,1,31,11,6,2,0,2,67,40.645
4,1.64428,20,0.00497662,0.00497662,1,1,31,11,6,2,0,2,67,35.633
4,1.64428,21,0.00497662,0.00497662,1,1,33,11,6,3,1,4,81,35.855
4,1.64428,22,0.00497662,0.00497662,1,1,33,11,6,3,1,4,81,28.077
4,1.64428,23,0.00497662,0.00497662,1,1,31,11,6,2,0,2,67,26.958
4,1.64428,24,0.00497662,0.00497662,1,1,33,11,6,3,1,4,81,21.131
4,1.64428,25,0.00497662,0.00497662,1,1,31,11,6,2,0,2,67,44.806
4,1.64428,26,0.00497662,0.00497662,1,1,33,11,6,3,1,4,81,46.274
4,1.64428,27,0.00497662,0.00497662,1,1,31,11,6,2,0,2,67,26.027
4,1.64428,28,0.00497662,0.00497662,1,1,32,11,5,3,1,4,74,47.216
4,1.64428,29,0.00497662,0.00497662,1,1,30,11,5,2,0,2,60,45.659
4,1.64428,30,0.00497662,0.00497662,1,1,30,11,4,3,1,4,67,34.95
4,1.64428,31,0.00497662,0.00497662,1,1,28,11,4,2,0,2,53,39.497
4,1.64428,32,0.00497662,0.00497662,1,1,33,11,6,3,1,4,81,39.875
4,1.64428,33,0.00497662,0.00497662,1,1,31,11,6,2,0,2,67,55.399
4,1.64428,34,0.00497662,0.00497662,1,1,31,11,6,2,0,2,67,63.122
4,1.64428,35,0.00497662,0.00497662,1,1,33,11,6,3,1,4,81,52.195
4,1.73027,0,0.00515023,0.00515023,1,1,33,11,6,3,1,4,81,56.498
4,1.73027,1,0.00515023,0.00515023,1,1,33,11,6,3,1,4,81,53.381
4,1.73027,2,0.00515023,0.00515023,1,1,33,11,6,3,1,4,81,47.751
4,1.73027,3,0.00515023,0.00515023,1,1,33,11,6,3,1,4,81,62.287
4,1.73027,4,0.00515023,0.00515023,1,1,33,13,4,3,1,4,69,75.767
4,1.73027,5,0.00515023,0.00515023,1,1,33,13,4,3,1,4,69,59.159
4,1.73027,6,0.00515023,0.00515023,1,1,33,13,4,3,1,4,69,56.106
4,1.73027,7,0.00515023,0.00515023,1,1,33,13,4,3,1,4,69,43.34
4,1.73027,8,0.00515023,0.00515023,1,1,33,11,6,3,1,4,81,36.013
4,1.73027,9,0.00515023,0.00515023,1,1,33,11,6,3,1,4,81,31.881
4,1.73027,10,0.00515023,0.00515023,1,1,33,11,6,3,1,4,81,31.968
4,1.73027,11,0.00515023,0.00515023,1,1,33,11,6,3,1,4,81,31.217
4,1.73027,12,0.00515023,0.00515023,1,1,33,11,6,3,1,4,81,31.822
4,1.73027,13,0.00515023,0.00515023,1,1,33,11,6,3,1,4,81,29.596
4,1.73027,14,0.00515023,0.00515023,1,1,33,11,6,3,1,4,81,27.835
4,1.73027,15,0.00515023,0.00515023,1,1,33,11,6,3,1,4,81,29.633
4,1.73027,16,0.00515023,0.00515023,1,1,33,13,4,3,1,4,69,29.886
4,1.73027,17,0.00515023,0.00515023,1,1,33,13,4,3,1,4,69,26.179
4,1.73027,18,0.00515023,0.00515023,1,1,33,13,4,3,1,4,69,32.273
4,1.73027,19,0.00515023,0.00515023,1,1,33,13,4,3,1,4,69,28.543
4,1.73027,20,0.00515023,0.00515023,1,1,33,11,6,3,1,4,81,26.771
4,1.73027,21,0.00515023,0.00515023,1,1,33,11,6,3,1,4,81,28.473
4,1.73027,22,0.00515023,0.00515023,1,1,33,11,6,3,1,4,81,31.626
4,1.73027,23,0.00515023,0.00515023,1,1,33,11,6,3,1,4,81,30.168
4,1.73027,24,0.00515023,0.00515023,1,1,33,13,4,3,1,4,69,26.619
4,1.73027,25,0.00515023,0.00515023,1,1,33,13,4,3,1,4,69,31.256
4,1.73027,26,0.00515023,0.00515023,1,1,33,13,4,3,1,4,69,29.587
4,1.73027,27,0.00515023,0.00515023,1,1,33,13,4,3,1,4,69,31.819
4,1.73027,28,0.00515023,0.00515023,1,1,33,11,6,3,1,4,81,25.122
4,1.73027,29,0.00515023,0.00515023,1,1,33,11,6,3,1,4,81,23.365
4,1.73027,30,0.00515023,0.00515023,1,1,33,11,6,3,1,4,81,24.89
4,1.73027,31,0.00515023,0.00515023,1,1,33,11,6,3,1,4,81,28.274
4,1.73027,32,0.00515023,0.00515023,1,1,33,11,6,3,1,4,81,21.488
4,1.73027,33,0.00515023,0.00515023,1,1,33,11,6,3,1,4,81,32.647
4,1.73027,34,0.00515023,0.00515023,1,1,33,11,6,3,1,4,81,19.458
4,1.73027,35,0.00515023,0.00515023,1,1,33,11,6,3,1,4,81,29.187
4,1.82682,0,0.00394202,0.00394202,1,1,27,9,6,3,1,4,79,36.998
4,1.82682,1,0.00394202,0.00394202,1,1,27,9,6,3,1,4,79,35.554
4,1.82682,2,0.00394202,0.00394202,1,1,27,9,6,3,1,4,79,33.757
4,1.82682,3,0.00394202,0.00394202,1,1,27,9,6,3,1,4,79,40.754
4,1.82682,4,0.00394202,0.00394202,1,1,27,7,8,3,1,4,91,44.733
4,1.82682,5,0.00394202,0.00394202,1,1,27,7,8,3,1,4,91,45.311
4,1.82682,6,0.00394202,0.00394202,1,1,27,7,8,3,1,4,91,46.139
4,1.82682,7,0.00394202,0.00394202,1,1,27,7,8,3,1,4,91,40.284
4,1.82682,8,0.00394202,0.00394202,1,1,27,7,8,3,1,4,91,35.375
4,1.82682,9,0.00394202,0.00394202,1,1,27,7,8,3,1,4,91,28.973
4,1.82682,10,0.00394202,0.00394202,1,1,27,7,8,3,1,4,91,31.951
4,1.82682,11,0.00394202,0.00394202,1,1,27,7,8,3,1,4,91,30.778
4,1.82682,12,0.00394202,0.00394202,1,1,27,9,6,3,1,4,79,48.567
4,1.82682,13,0.00394202,0.00394202,1,1,27,9,6,3,1,4,79,54.981
4,1.82682,14,0.00394202,0.00394202,1,1,27,9,6,3,1,4,79,67.128
4,1.82682,15,0.00394202,0.00394202,1,1,27,9,6,3,1,4,79,77.913
4,1.82682,16,0.00394202,0.00394202,1,1,27,7,8,3,1,4,91,50.588
4,1.82682,17,0.00394202,0.00394202,1,1,27,7,8,3,1,4,91,65.557
4,1.82682,18,0.00394202,0.00394202,1,1,27,7,8,3,1,4,91,51.038
4,1.82682,19,0.00394202,0.00394202,1,1,27,7,8,3,1,4,91,35.905
4,1.82682,20,0.00394202,0.00394202,1,1,27,7,8,3,1,4,91,36.368
4,1.82682,21,0.00394202,0.00394202,1,1,27,7,8,3,1,4,91,30.068
4,1.82682,22,0.00394202,0.00394202,1,1,27,7,8,3,1,4,91,49.517
4,1.82682,23,0.00394202,0.00394202,1,1,27,7,8,3,1,4,91,34.693
4,1.82682,24,0.00394202,0.00394202,1,1,27,7,8,3,1,4,91,45.53
4,1.82682,25,0.00394202,0.00394202,1,1,27,7,8,3,1,4,91,41.683
4,1.82682,26,0.00394202,0.00394202,1,1,27,7,8,3,1,4,91,33.438
4,1.82682,27,0.00394202,0.00394202,1,1,27,7,8,3,1,4,91,31.514
4,1.82682,28,0.00394202,0.00394202,1,1,27,9,6,3,1,4,79,35.821
4,1.82682,29,0.00394202,0.00394202,1,1,27,9,6,3,1,4,79,35.581
4,1.82682,30,0.00394202,0.00394202,1,1,27,9,6,3,1,4,79,34.467
4,1.82682,31,0.00394202,0.00394202,1,1,27,9,6,3,1,4,79,39.599
4,1.82682,32,0.00394202,0.00394202,1,1,27,7,8,3,1,4,91,32.458
4,1.82682,33,0.00394202,0.00394202,1,1,27,7,8,3,1,4,91,26.49
4,1.82682,34,0.00394202,0.00394202,1,1,27,7,8,3,1,4,91,40.731
4,1.82682,35,0.00394202,0.00394202,1,1,27,7,8,3,1,4,91,33.018
4,1.94059,0,0.00563287,0.00563287,1,1,35,15,4,1,1,2,57,39.244
4,1.94059,1,0.00563287,0.00563287,1,1,33,15,4,0,0,0,43,40.27
4,1.94059,2,0.00563287,0.00563287,1,1,33,15,4,0,0,0,43,36.81
4,1.94059,3,0.00563287,0.00563287,1,1,35,15,4,1,1,2,57,37.702
4,1.94059,4,0.00563287,0.00563287,1,1,33,13,6,0,0,0,55,31.606
4,1.94059,5,0.00563287,0.00563287,1,1,35,13,6,1,1,2,69,50.495
4,1.94059,6,0.00563287,0.00563287,1,1,33,13,6,0,0,0,55,42.899
4,1.94059,7,0.00563287,0.00563287,1,1,35,13,6,1,1,2,69,49.983
4,1.94059,8,0.00563287,0.00563287,1,1,35,13,6,1,1,2,69,48.881
4,1.94059,9,0.00563287,0.00563287,1,1,33,13,6,0,0,0,55,43.991
4,1.94059,10,0.00563287,0.00563287,1,1,35,13,6,1,1,2,69,35.534
4,1.94059,11,0.00563287,0.00563287,1,1,33,13,6,0,0,0,55,35.59
4,1.94059,12,0.00563287,0.00563287,1,1,35,13,6,1,1,2,69,33.385
4,1.94059,13,0.00563287,0.00563287,1,1,33,13,6,0,0,0,55,31.75
4,1.94059,14,0.00563287,0.00563287,1,1,35,13,6,1,1,2,69,28.858
4,1.94059,15,0.00563287,0.00563287,1,1,33,13,6,0,0,0,55,35.627
4,1.94059,16,0.00563287,0.00563287,1,1,35,15,4,1,1,2,57,39.844
4,1.94059,17,0.00563287,0.00563287,1,1,33,15,4,0,0,0,43,41.945
4,1.94059,18,0.00563287,0.00563287,1,1,35,15,4,1,1,2,57,31.191
4,1.94059,19,0.00563287,0.00563287,1,1,33,15,4,0,0,0,43,40.526
4,1.94059,20,0.00563287,0.00563287,1,1,33,13,6,0,0,0,55,31.955
4,1.94059,21,0.00563287,0.00563287,1,1,35,13,6,1,1,2,69,24.168
4,1.94059,22,0.00563287,0.00563287,1,1,35,13,6,1,1,2,69,30.672
4,1.94059,23,0.00563287,0.00563287,1,1,33,13,6,0,0,0,55,21.526
4,1.94059,24,0.00563287,0.00563287,1,1,33,13,6,0,0,0,55,37.585
4,1.94059,25,0.00563287,0.00563287,1,1,35,13,6,1,1,2,69,28.283
4,1.94059,26,0.00563287,0.00563287,1,1,35,13,6,1,1,2,69,43.438
4,1.94059,27,0.00563287,0.00563287,1,1,33,13,6,0,0,0,55,40.934
4,1.94059,28,0.00563287,0.00563287,1,1,35,13,6,1,1,2,69,48.076
4,1.94059,29,0.00563287,0.00563287,1,1,33,13,6,0,0,0,55,36.538
4,1.94059,30,0.00563287,0.00563287,1,1,33,13,6,0,0,0,55,41.914
4,1.94059,31,0.00563287,0.00563287,1,1,35,13,6,1,1,2,69,31.9
4,1.94059,32,0.00563287,0.00563287,1,1,35,15,4,1,1,2,57,31.76
4,1.94059,33,0.00563287,0.00563287,1,1,33,15,4,0,0,0,43,58.922
4,1.94059,34,0.00563287,0.00563287,1,1,33,15,4,0,0,0,43,72.87
4,1.94059,35,0.00563287,0.00563287,1,1,35,15,4,1,1,2,57,66.328
4,2.05485,0,0.00495463,0.00495463,1,1,39,17,4,0,0,0,45,20.178
4,2.05485,1,0.00495463,0.00495463,1,1,41,17,4,1,1,2,59,42.102
4,2.05485,2,0.00495463,0.00495463,1,1,39,17,4,0,0,0,45,23.845
4,2.05485,3,0.00495463,0.00495463,1,1,41,17,4,1,1,2,59,31.154
4,2.05485,4,0.00495463,0.00495463,1,1,39,17,4,0,0,0,45,36.949
4,2.05485,5,0.00495463,0.00495463,1,1,41,17,4,1,1,2,59,28.187
4,2.05485,6,0.00495463,0.00495463,1,1,39,17,4,0,0,0,45,25.698
4,2.05485,7,0.00495463,0.00495463,1,1,41,17,4,1,1,2,59,26.903
4,2.05485,8,0.00495463,0.00495463,1,1,40,17,3,1,1,2,52,49.41
4,2.05485,9,0.00495463,0.00495463,1,1,38,17,3,0,0,0,38,42.642
4,2.05485,10,0.00495463,0.00495463,1,1,36,17,2,0,0,0,31,39.338
4,2.05485,11,0.00495463,0.00495463,1,1,38,17,2,1,1,2,45,41.26
4,2.05485,12,0.00495463,0.00495463,1,1,41,17,4,1,1,2,59,31.96
4,2.05485,13,0.00495463,0.00495463,1,1,39,17,4,0,0,0,45,28.92
4,2.05485,14,0.00495463,0.00495463,1,1,41,17,4,1,1,2,59,38.768
4,2.05485,15,0.00495463,0.00495463,1,1,39,17,4,0,0,0,45,37.506
4,2.05485,16,0.00495463,0.00495463,1,1,41,17,4,1,1,2,59,31.463
4,2.05485,17,0.00495463,0.00495463,1,1,39,17,4,0,0,0,45,31.108
4,2.05485,18,0.00495463,0.00495463,1,1,41,17,4,1,1,2,59,22.304
4,2.05485,19,0.00495463,0.00495463,1,1,39,17,4,0,0,0,45,12.285
4,2.05485,20,0.00495463,0.00495463,1,1,38,17,2,1,1,2,45,22.61
4,2.05485,21,0.00495463,0.00495463,1,1,36,17,2,0,0,0,31,22.33
4,2.05485,22,0.00495463,0.00495463,1,1,38,17,3,0,0,0,38,11.556
4,2.05485,23,0.00495463,0.00495463,1,1,40,17,3,1,1,2,52,11.385
4,2.05485,24,0.00495463,0.00495463,1,1,41,17,4,1,1,2,59,12.404
4,2.05485,25,0.00495463,0.00495463,1,1,39,17,4,0,0,0,45,14.002
4,2.05485,26,0.00495463,0.00495463,1,1,41,17,4,1,1,2,59,21.817
4,2.05485,27,0.00495463,0.00495463,1,1,39,17,4,0,0,0,45,21.661
4,2.05485,28,0.00495463,0.00495463,1,1,39,17,4,0,0,0,45,12.903
4,2.05485,29,0.00495463,0.00495463,1,1,41,17,4,1,1,2,59,12.496
4,2.05485,30,0.00495463,0.00495463,1,1,41,17,4,1,1,2,59,11.772
4,2.05485,31,0.00495463,0.00495463,1,1,39,17,4,0,0,0,45,21.499
4,2.05485,32,0.00495463,0.00495463,1,1,40,17,3,1,1,2,52,21.632
4,2.05485,33,0.00495463,0.00495463,1,1,38,17,3,0,0,0,38,11.582
4,2.05485,34,0.00495463,0.00495463,1,1,36,17,2,0,0,0,31,12.331
4,2.05485,35,0.00495463,0.00495463,1,1,38,17,2,1,1,2,45,11.997
4,2.16129,0,0.00532287,0.00532287,1,1,41,17,4,1,1,2,59,12.381
4,2.16129,1,0.00532287,0.00532287,1,1,41,17,4,1,1,2,59,22.457
4,2.16129,2,0.00532287,0.00532287,1,1,41,17,4,1,1,2,59,23.712
4,2.16129,3,0.00532287,0.00532287,1,1,41,17,4,1,1,2,59,12.532
4,2.16129,4,0.00532287,0.00532287,1,1,41,17,4,1,1,2,59,12.924
4,2.16129,5,0.00532287,0.00532287,1,1,41,17,4,1,1,2,59,12.066
4,2.16129,6,0.00532287,0.00532287,1,1,41,17,4,1,1,2,59,24.447
4,2.16129,7,0.00532287,0.00532287,1,1,41,17,4,1,1,2,59,12.637
4,2.16129,8,0.00532287,0.00532287,1,1,41,17,4,1,1,2,59,19.786
4,2.16129,9,0.00532287,0.00532287,1,1,41,17,4,1,1,2,59,13.434
4,2.16129,10,0.00532287,0.00532287,1,1,41,17,4,1,1,2,59,13.004
4,2.16129,11,0.00532287,0.00532287,1,1,41,17,4,1,1,2,59,12.681
4,2.16129,12,0.00532287,0.00532287,1,1,41,17,4,1,1,2,59,14.546
4,2.16129,13,0.00532287,0.00532287,1,1,41,17,4,1,1,2,59,24.409
4,2.16129,14,0.00532287,0.00532287,1,1,41,17,4,1,1,2,59,14.282
4,2.16129,15,0.00532287,0.00532287,1,1,41,17,4,1,1,2,59,18.081
4,2.16129,16,0.00532287,0.00532287,1,1,41,19,2,1,1,2,47,19.854
4,2.16129,17,0.00532287,0.00532287,1,1,41,19,2,1,1,2,47,15.031
4,2.16129,18,0.00532287,0.00532287,1,1,41,19,2,1,1,2,47,13.639
4,2.16129,19,0.00532287,0.00532287,1,1,41,19,2,1,1,2,47,24.368
4,2.16129,20,0.00532287,0.00532287,1,1,41,19,2,1,1,2,47,21.404
4,2.16129,21,0.00532287,0.00532287,1,1,41,19,2,1,1,2,47,26.704
4,2.16129,22,0.00532287,0.00532287,1,1,41,19,2,1,1,2,47,35.465
4,2.16129,23,0.00532287,0.00532287,1,1,41,19,2,1,1,2,47,33.464
4,2.16129,24,0.00532287,0.00532287,1,1,41,17,4,1,1,2,59,30.178
4,2.16129,25,0.00532287,0.00532287,1,1,41,17,4,1,1,2,59,25.756
4,2.16129,26,0.00532287,0.00532287,1,1,41,17,4,1,1,2,59,12.804
4,2.16129,27,0.00532287,0.00532287,1,1,41,17,4,1,1,2,59,22.653
4,2.16129,28,0.00532287,0.00532287,1,1,41,17,4,1,1,2,59,13.241
4,2.16129,29,0.00532287,0.00532287,1,1,41,17,4,1,1,2,59,24.039
4,2.16129,30,0.00532287,0.00532287,1,1,41,17,4,1,1,2,59,12.813
4,2.16129,31,0.00532287,0.00532287,1,1,41,17,4,1,1,2,59,12.539
4,2.16129,32,0.00532287,0.00532287,1,1,41,19,2,1,1,2,47,12.891
4,2.16129,33,0.00532287,0.00532287,1,1,41,19,2,1,1,2,47,22.836
4,2.16129,34,0.00532287,0.00532287,1,1,41,19,2,1,1,2,47,24.094
4,2.16129,35,0.00532287,0.00532287,1,1,41,19,2,1,1,2,47,13.221
4,2.29075,0,0.00531541,0.00531541,1,1,33,11,4,5,1,6,81,15.711
4,2.29075,1,0.00531541,0.00531541,1,1,33,11,4,5,1,6,81,16.432
4,2.29075,2,0.00531541,0.00531541,1,1,33,11,4,5,1,6,81,15.423
4,2.29075,3,0.00531541,0.00531541,1,1,33,11,4,5,1,6,81,30.899
4,2.29075,4,0.00531541,0.00531541,1,1,33,11,4,5,1,6,81,30.994
4,2.29075,5,0.00531541,0.00531541,1,1,33,11,4,5,1,6,81,15.838
4,2.29075,6,0.00531541,0.00531541,1,1,33,11,4,5,1,6,81,25.662
4,2.29075,7,0.00531541,0.00531541,1,1,33,11,4,5,1,6,81,16.433
4,2.29075,8,0.00531541,0.00531541,1,1,33,11,4,5,1,6,81,30.271
4,2.29075,9,0.00531541,0.00531541,1,1,33,11,4,5,1,6,81,31.423
4,2.29075,10,0.00531541,0.00531541,1,1,33,11,4,5,1,6,81,31.251
4,2.29075,11,0.00531541,0.00531541,1,1,33,11,4,5,1,6,81,16.509
4,2.29075,12,0.00531541,0.00531541,1,1,33,13,2,5,1,6,69,15.944
4,2.29075,13,0.00531541,0.00531541,1,1,33,13,2,5,1,6,69,30.151
4,2.29075,14,0.00531541,0.00531541,1,1,33,13,2,5,1,6,69,31.615
4,2.29075,15,0.00531541,0.00531541,1,1,33,13,2,5,1,6,69,29.209
4,2.29075,16,0.00531541,0.00531541,1,1,33,13,2,5,1,6,69,18.49
4,2.29075,17,0.00531541,0.00531541,1,1,33,13,2,5,1,6,69,25.639
4,2.29075,18,0.00531541,0.00531541,1,1,33,13,2,5,1,6,69,18.904
4,2.29075,19,0.00531541,0.00531541,1,1,33,13,2,5,1,6,69,31.675
4,2.29075,20,0.00531541,0.00531541,1,1,33,11,4,5,1,6,81,31.582
4,2.29075,21,0.00531541,0.00531541,1,1,33,11,4,5,1,6,81,16.702
4,2.29075,22,0.00531541,0.00531541,1,1,33,11,4,5,1,6,81,16.134
4,2.29075,23,0.00531541,0.00531541,1,1,33,11,4,5,1,6,81,17.504
4,2.29075,24,0.00531541,0.00531541,1,1,33,11,4,5,1,6,81,30.708
4,2.29075,25,0.00531541,0.00531541,1,1,33,11,4,5,1,6,81,17.198
4,2.29075,26,0.00531541,0.00531541,1,1,33,11,4,5,1,6,81,32.068
4,2.29075,27,0.00531541,0.00531541,1,1,33,11,4,5,1,6,81,17.229
4,2.29075,28,0.00531541,0.00531541,1,1,33,13,2,5,1,6,69,17.184
4,2.29075,29,0.00531541,0.00531541,1,1,33,13,2,5,1,6,69,31.134
4,2.29075,30,0.00531541,0.00531541,1,1,33,13,2,5,1,6,69,17.553
4,2.29075,31,0.00531541,0.00531541,1,1,33,13,2,5,1,6,69,32.569
4,2.29075,32,0.00531541,0.00531541,1,1,33,11,4,5,1,6,81,16.703
4,2.29075,33,0.00531541,0.00531541,1,1,33,11,4,5,1,6,81,30.6
4,2.29075,34,0.00531541,0.00531541,1,1,33,11,4,5,1,6,81,26.312
4,2.29075,35,0.00531541,0.00531541,1,1,33,11,4,5,1,6,81,37.188
4,2.39279,0,0.00504612,0.00504612,1,1,25,9,2,5,1,6,65,27.06
4,2.39279,1,0.00504612,0.00504612,1,1,25,9,2,5,1,6,65,28.202
4,2.39279,2,0.00504612,0.00504612,1,1,25,9,2,5,1,6,65,29.036
4,2.39279,3,0.00504612,0.00504612,1,1,25,9,2,5,1,6,65,13.222
4,2.39279,4,0.00504612,0.00504612,1,1,25,9,2,5,1,6,65,19.828
4,2.39279,5,0.00504612,0.00504612,1,1,25,9,2,5,1,6,65,33.719
4,2.39279,6,0.00504612,0.00504612,1,1,25,9,2,5,1,6,65,37.302
4,2.39279,7,0.00504612,0.00504612,1,1,25,9,2,5,1,6,65,26.789
4,2.39279,8,0.00504612,0.00504612,1,1,25,7,4,5,1,6,77,23.036
4,2.39279,9,0.00504612,0.00504612,1,1,25,7,4,5,1,6,77,17.459
4,2.39279,10,0.00504612,0.00504612,1,1,25,7,4,5,1,6,77,13.681
4,2.39279,11,0.00504612,0.00504612,1,1,25,7,4,5,1,6,77,11.051
4,2.39279,12,0.00504612,0.00504612,1,1,25,9,2,5,1,6,65,23.697
4,2.39279,13,0.00504612,0.00504612,1,1,25,9,2,5,1,6,65,11.103
4,2.39279,14,0.00504612,0.00504612,1,1,25,9,2,5,1,6,65,20.857
4,2.39279,15,0.00504612,0.00504612,1,1,25,9,2,5,1,6,65,21.872
4,2.39279,16,0.00504612,0.00504612,1,1,25,7,4,5,1,6,77,10.224
4,2.39279,17,0.00504612,0.00504612,1,1,25,7,4,5,1,6,77,21.603
4,2.39279,18,0.00504612,0.00504612,1,1,25,7,4,5,1,6,77,12.98
4,2.39279,19,0.00504612,0.00504612,1,1,25,7,4,5,1,6,77,15.511
4,2.39279,20,0.00504612,0.00504612,1,1,25,7,4,5,1,6,77,24.689
4,2.39279,21,0.00504612,0.00504612,1,1,25,7,4,5,1,6,77,26.174
4,2.39279,22,0.00504612,0.00504612,1,1,25,7,4,5,1,6,77,30.35
4,2.39279,23,0.00504612,0.00504612,1,1,25,7,4,5,1,6,77,29.662
4,2.39279,24,0.00504612,0.00504612,1,1,25,7,4,5,1,6,77,17.985
4,2.39279,25,0.00504612,0.00504612,1,1,25,7,4,5,1,6,77,23.046
4,2.39279,26,0.00504612,0.00504612,1,1,25,7,4,5,1,6,77,12.34
4,2.39279,27,0.00504612,0.00504612,1,1,25,7,4,5,1,6,77,22.641
4,2.39279,28,0.00504612,0.00504612,1,1,25,7,4,5,1,6,77,17.686
4,2.39279,29,0.00504612,0.00504612,1,1,25,7,4,5,1,6,77,11.66
4,2.39279,30,0.00504612,0.00504612,1,1,25,7,4,5,1,6,77,11.878
4,2.39279,31,0.00504612,0.00504612,1,1,25,7,4,5,1,6,77,14.826
4,2.39279,32,0.00504612,0.00504612,1,1,25,7,4,5,1,6,77,16.101
4,2.39279,33,0.00504612,0.00504612,1,1,25,7,4,5,1,6,77,24.95
4,2.39279,34,0.00504612,0.00504612,1,1,25,7,4,5,1,6,77,21.461
4,2.39279,35,0.00504612,0.00504612,1,1,25,7,4,5,1,6,77,26.349
4,2.48469,0,0.0051337,0.0051337,1,1,18,1,10,4,1,5,106,21.171
4,2.48469,1,0.0051337,0.0051337,1,1,18,1,10,4,1,5,106,15.559
4,2.48469,2,0.0051337,0.0051337,1,1,18,1,10,4,1,5,106,20.187
4,2.48469,3,0.0051337,0.0051337,1,1,18,1,10,4,1,5,106,18.011
4,2.48469,4,0.0051337,0.0051337,1,1,18,1,10,4,1,5,106,9.298
4,2.48469,5,0.0051337,0.0051337,1,1,18,1,10,4,1,5,106,7.904
4,2.48469,6,0.0051337,0.0051337,1,1,18,1,10,4,1,5,106,18.371
4,2.48469,7,0.0051337,0.0051337,1,1,18,1,10,4,1,5,106,6.585
4,2.48469,8,0.0051337,0.0051337,1,1,18,3,8,4,1,5,94,8.173
4,2.48469,9,0.0051337,0.0051337,1,1,18,3,8,4,1,5,94,9.204
4,2.48469,10,0.0051337,0.0051337,1,1,18,3,8,4,1,5,94,22.268
4,2.48469,11,0.0051337,0.0051337,1,1,18,3,8,4,1,5,94,9.947
4,2.48469,12,0.0051337,0.0051337,1,1,18,3,8,4,1,5,94,7.801
4,2.48469,13,0.0051337,0.0051337,1,1,18,3,8,4,1,5,94,12.58
4,2.48469,14,0.0051337,0.0051337,1,1,18,3,8,4,1,5,94,11.512
4,2.48469,15,0.0051337,0.0051337,1,1,18,3,8,4,1,5,94,9.875
4,2.48469,16,0.0051337,0.0051337,1,1,18,3,8,4,1,5,94,18.544
4,2.48469,17,0.0051337,0.0051337,1,1,18,3,8,4,1,5,94,17.283
4,2.48469,18,0.0051337,0.0051337,1,1,18,3,8,4,1,5,94,9.053
4,2.48469,19,0.0051337,0.0051337,1,1,18,3,8,4,1,5,94,22.163
4,2.48469,20,0.0051337,0.0051337,1,1,18,1,10,4,1,5,106,12.436
4,2.48469,21,0.0051337,0.0051337,1,1,18,1,10,4,1,5,106,19.917
4,2.48469,22,0.0051337,0.0051337,1,1,18,1,10,4,1,5,106,15.26
4,2.48469,23,0.0051337,0.0051337,1,1,18,1,10,4,1,5,106,8.179
4,2.48469,24,0.0051337,0.0051337,1,1,18,1,10,4,1,5,106,17.089
4,2.48469,25,0.0051337,0.0051337,1,1,18,1,10,4,1,5,106,6.718
4,2.48469,26,0.0051337,0.0051337,1,1,18,1,10,4,1,5,106,15.767
4,2.48469,27,0.0051337,0.0051337,1,1,18,1,10,4,1,5,106,17.357
4,2.48469,28,0.0051337,0.0051337,1,1,18,1,10,4,1,5,106,6.557
4,2.48469,29,0.0051337,0.0051337,1,1,18,1,10,4,1,5,106,12.752
4,2.48469,30,0.0051337,0.0051337,1,1,18,1,10,4,1,5,106,9.868
4,2.48469,31,0.0051337,0.0051337,1,1,18,1,10,4,1,5,106,8.657
4,2.48469,32,0.0051337,0.0051337,1,1,18,1,10,4,1,5,106,10.069
4,2.48469,33,0.0051337,0.0051337,1,1,18,1,10,4,1,5,106,14.405
4,2.48469,34,0.0051337,0.0051337,1,1,18,1,10,4,1,5,106,8.683
4,2.48469,35,0.0051337,0.0051337,1,1,18,1,10,4,1,5,106,9.813
4,2.58524,0,0.00544056,0.00544056,1,1,35,13,6,1,1,2,69,19.61
4,2.58524,1,0.00544056,0.00544056,1,1,35,13,6,1,1,2,69,18.955
4,2.58524,2,0.00544056,0.00544056,1,1,35,13,6,1,1,2,69,20.099
4,2.58524,3,0.00544056,0.00544056,1,1,35,13,6,1,1,2,69,40.056
4,2.58524,4,0.00544056,0.00544056,1,1,35,15,4,1,1,2,57,20.743
4,2.58524,5,0.00544056,0.00544056,1,1,35,15,4,1,1,2,57,21.159
4,2.58524,6,0.00544056,0.00544056,1,1,35,15,4,1,1,2,57,20.137
4,2.58524,7,0.00544056,0.00544056,1,1,35,15,4,1,1,2,57,18.909
4,2.58524,8,0.00544056,0.00544056,1,1,35,13,6,1,1,2,69,19.475
4,2.58524,9,0.00544056,0.00544056,1,1,35,13,6,1,1,2,69,20.049
4,2.58524,10,0.00544056,0.00544056,1,1,35,13,6,1,1,2,69,37.681
4,2.58524,11,0.00544056,0.00544056,1,1,35,13,6,1,1,2,69,20.61
4,2.58524,12,0.00544056,0.00544056,1,1,35,13,6,1,1,2,69,20.324
4,2.58524,13,0.00544056,0.00544056,1,1,35,13,6,1,1,2,69,20.295
4,2.58524,14,0.00544056,0.00544056,1,1,35,13,6,1,1,2,69,19.248
4,2.58524,15,0.00544056,0.00544056,1,1,35,13,6,1,1,2,69,20.032
4,2.58524,16,0.00544056,0.00544056,1,1,35,15,4,1,1,2,57,38.113
4,2.58524,17,0.00544056,0.00544056,1,1,35,15,4,1,1,2,57,19.842
4,2.58524,18,0.00544056,0.00544056,1,1,35,15,4,1,1,2,57,19.841
4,2.58524,19,0.00544056,0.00544056,1,1,35,15,4,1,1,2,57,19.697
4,2.58524,20,0.00544056,0.00544056,1,1,35,13,6,1,1,2,69,18.74
4,2.58524,21,0.00544056,0.00544056,1,1,35,13,6,1,1,2,69,17.824
4,2.58524,22,0.00544056,0.00544056,1,1,35,13,6,1,1,2,69,19.96
4,2.58524,23,0.00544056,0.00544056,1,1,35,13,6,1,1,2,69,38.088
4,2.58524,24,0.00544056,0.00544056,1,1,35,13,6,1,1,2,69,19.699
4,2.58524,25,0.00544056,0.00544056,1,1,35,13,6,1,1,2,69,21.213
4,2.58524,26,0.00544056,0.00544056,1,1,35,13,6,1,1,2,69,18.873
4,2.58524,27,0.00544056,0.00544056,1,1,35,13,6,1,1,2,69,19.552
4,2.58524,28,0.00544056,0.00544056,1,1,35,15,4,1,1,2,57,19.459
4,2.58524,29,0.00544056,0.00544056,1,1,35,15,4,1,1,2,57,35.063
4,2.58524,30,0.00544056,0.00544056,1,1,35,15,4,1,1,2,57,22.978
4,2.58524,31,0.00544056,0.00544056,1,1,35,15,4,1,1,2,57,21.425
4,2.58524,32,0.00544056,0.00544056,1,1,35,13,6,1,1,2,69,20.569
4,2.58524,33,0.00544056,0.00544056,1,1,35,13,6,1,1,2,69,20.246
4,2.58524,34,0.00544056,0.00544056,1,1,35,13,6,1,1,2,69,17.769
4,2.58524,35,0.00544056,0.00544056,1,1,35,13,6,1,1,2,69,36.891
4,2.71474,0,0.00336536,0.00336536,1,1,35,13,6,1,1,2,69,13.026
4,2.71474,1,0.00336536,0.00336536,1,1,35,13,6,1,1,2,69,12.752
4,2.71474,2,0.00336536,0.00336536,1,1,35,13,6,1,1,2,69,14.559
4,2.71474,3,0.00336536,0.00336536,1,1,35,13,6,1,1,2,69,14.098
4,2.71474,4,0.00336536,0.00336536,1,1,35,13,6,1,1,2,69,13.858
4,2.71474,5,0.00336536,0.00336536,1,1,35,13,6,1,1,2,69,12.66
4,2.71474,6,0.00336536,0.00336536,1,1,35,13,6,1,1,2,69,18.079
4,2.71474,7,0.00336536,0.00336536,1,1,35,13,6,1,1,2,69,14.565
4,2.71474,8,0.00336536,0.00336536,1,1,35,13,6,1,1,2,69,14.88
4,2.71474,9,0.00336536,0.00336536,1,1,35,13,6,1,1,2,69,25.945
4,2.71474,10,0.00336536,0.00336536,1,1,35,13,6,1,1,2,69,29.34
4,2.71474,11,0.00336536,0.00336536,1,1,35,13,6,1,1,2,69,13.762
4,2.71474,12,0.00336536,0.00336536,1,1,35,15,4,1,1,2,57,15.965
4,2.71474,13,0.00336536,0.00336536,1,1,35,15,4,1,1,2,57,30.99
4,2.71474,14,0.00336536,0.00336536,1,1,35,15,4,1,1,2,57,27.482
4,2.71474,15,0.00336536,0.00336536,1,1,35,15,4,1,1,2,57,35.293
4,2.71474,16,0.00336536,0.00336536,1,1,35,13,6,1,1,2,69,29.993
4,2.71474,17,0.00336536,0.00336536,1,1,35,13,6,1,1,2,69,26.745
4,2.71474,18,0.00336536,0.00336536,1,1,35,13,6,1,1,2,69,14.446
4,2.71474,19,0.00336536,0.00336536,1,1,35,13,6,1,1,2,69,25.355
4,2.71474,20,0.00336536,0.00336536,1,1,35,13,6,1,1,2,69,13.656
4,2.71474,21,0.00336536,0.00336536,1,1,35,13,6,1,1,2,69,23.234
4,2.71474,22,0.00336536,0.00336536,1,1,35,13,6,1,1,2,69,29.23
4,2.71474,23,0.00336536,0.00336536,1,1,35,13,6,1,1,2,69,36.718
4,2.71474,24,0.00336536,0.00336536,1,1,35,15,4,1,1,2,57,38.052
4,2.71474,25,0.00336536,0.00336536,1,1,35,15,4,1,1,2,57,38.429
4,2.71474,26,0.00336536,0.00336536,1,1,35,15,4,1,1,2,57,33.165
4,2.71474,27,0.00336536,0.00336536,1,1,35,15,4,1,1,2,57,16.675
4,2.71474,28,0.00336536,0.00336536,1,1,35,15,4,1,1,2,57,28.083
4,2.71474,29,0.00336536,0.00336536,1,1,35,15,4,1,1,2,57,29.997
4,2.71474,30,0.00336536,0.00336536,1,1,35,15,4,1,1,2,57,18.998
4,2.71474,31,0.00336536,0.00336536,1,1,35,15,4,1,1,2,57,29.069
4,2.71474,32,0.00336536,0.00336536,1,1,35,13,6,1,1,2,69,24.075
4,2.71474,33,0.00336536,0.00336536,1,1,35,13,6,1,1,2,69,25.439
4,2.71474,34,0.00336536,0.00336536,1,1,35,13,6,1,1,2,69,23.646
4,2.71474,35,0.00336536,0.00336536,1,1,35,13,6,1,1,2,69,28.033
4,2.81416,0,0.00513546,0.00513546,1,1,31,11,6,2,0,2,67,36.374
4,2.81416,1,0.00513546,0.00513546,1,1,33,11,6,3,1,4,81,34.86
4,2.81416,2,0.00513546,0.00513546,1,1,31,11,6,2,0,2,67,41.135
4,2.81416,3,0.00513546,0.00513546,1,1,33,11,6,3,1,4,81,40.492
4,2.81416,4,0.00513546,0.00513546,1,1,32,11,5,3,1,4,74,36.918
4,2.81416,5,0.00513546,0.00513546,1,1,30,11,5,2,0,2,60,35.062
4,2.81416,6,0.00513546,0.00513546,1,1,32,11,5,3,1,4,74,41.475
4,2.81416,7,0.00513546,0.00513546,1,1,30,11,5,2,0,2,60,41.158
4,2.81416,8,0.00513546,0.00513546,1,1,33,11,6,3,1,4,81,35.924
4,2.81416,9,0.00513546,0.00513546,1,1,31,11,6,2,0,2,67,32.933
4,2.81416,10,0.00513546,0.00513546,1,1,31,11,6,2,0,2,67,44.451
4,2.81416,11,0.00513546,0.00513546,1,1,33,11,6,3,1,4,81,55.675
4,2.81416,12,0.00513546,0.00513546,1,1,30,11,5,2,0,2,60,51.65
4,2.81416,13,0.00513546,0.00513546,1,1,32,11,5,3,1,4,74,52.366
4,2.81416,14,0.00513546,0.00513546,1,1,32,11,5,3,1,4,74,38.087
4,2.81416,15,0.00513546,0.00513546,1,1,30,11,5,2,0,2,60,22.19
4,2.81416,16,0.00513546,0.00513546,1,1,33,11,6,3,1,4,81,42.395
4,2.81416,17,0.00513546,0.00513546,1,1,31,11,6,2,0,2,67,40.677
4,2.81416,18,0.00513546,0.00513546,1,1,31,11,6,2,0,2,67,21.159
4,2.81416,19,0.00513546,0.00513546,1,1,33,11,6,3,1,4,81,21.38
4,2.81416,20,0.00513546,0.00513546,1,1,33,11,6,3,1,4,81,21.595
4,2.81416,21,0.00513546,0.00513546,1,1,31,11,6,2,0,2,67,47.328
4,2.81416,22,0.00513546,0.00513546,1,1,31,11,6,2,0,2,67,19.679
4,2.81416,23,0.00513546,0.00513546,1,1,33,11,6,3,1,4,81,42.69
4,2.81416,24,0.00513546,0.00513546,1,1,33,11,6,3,1,4,81,21.951
4,2.81416,25,0.00513546,0.00513546,1,1,31,11,6,2,0,2,67,39.791
4,2.81416,26,0.00513546,0.00513546,1,1,31,11,6,2,0,2,67,33.731
4,2.81416,27,0.00513546,0.00513546,1,1,33,11,6,3,1,4,81,42.729
4,2.81416,28,0.00513546,0.00513546,1,1,30,11,5,2,0,2,60,28.645
4,2.81416,29,0.00513546,0.00513546,1,1,32,11,5,3,1,4,74,46.102
4,2.81416,30,0.00513546,0.00513546,1,1,30,11,5,2,0,2,60,42.406
4,2.81416,31,0.00513546,0.00513546,1,1,32,11,5,3,1,4,74,19.757
4,2.81416,32,0.00513546,0.00513546,1,1,31,11,6,2,0,2,67,42.539
4,2.81416,33,0.00513546,0.00513546,1,1,33,11,6,3,1,4,81,19.988
4,2.81416,34,0.00513546,0.00513546,1,1,31,11,6,2,0,2,67,46.186
4,2.81416,35,0.00513546,0.00513546,1,1,33,11,6,3,1,4,81,36.804
4,2.92446,0,0.00587458,0.00587458,1,1,27,7,8,3,1,4,91,13.777
4,2.92446,1,0.00587458,0.00587458,1,1,27,7,8,3,1,4,91,29.494
4,2.92446,2,0.00587458,0.00587458,1,1,27,7,8,3,1,4,91,13.779
4,2.92446,3,0.00587458,0.00587458,1,1,27,7,8,3,1,4,91,14.448
4,2.92446,4,0.00587458,0.00587458,1,1,27,7,8,3,1,4,91,13.316
4,2.92446,5,0.00587458,0.00587458,1,1,27,7,8,3,1,4,91,15.282
4,2.92446,6,0.00587458,0.00587458,1,1,27,7,8,3,1,4,91,24.634
4,2.92446,7,0.00587458,0.00587458,1,1,27,7,8,3,1,4,91,26.633
4,2.92446,8,0.00587458,0.00587458,1,1,26,7,7,3,1,4,84,12.435
4,2.92446,9,0.00587458,0.00587458,1,1,26,7,7,3,1,4,84,13.564
4,2.92446,10,0.00587458,0.00587458,1,1,24,7,6,3,1,4,77,11.766
4,2.92446,11,0.00587458,0.00587458,1,1,24,7,6,3,1,4,77,13.666
4,2.92446,12,0.00587458,0.00587458,1,1,27,7,8,3,1,4,91,24.227
4,2.92446,13,0.00587458,0.00587458,1,1,27,7,8,3,1,4,91,25.19
4,2.92446,14,0.00587458,0.00587458,1,1,27,7,8,3,1,4,91,12.544
4,2.92446,15,0.00587458,0.00587458,1,1,27,7,8,3,1,4,91,13.826
4,2.92446,16,0.00587458,0.00587458,1,1,26,7,7,3,1,4,84,11.825
4,2.92446,17,0.00587458,0.00587458,1,1,26,7,7,3,1,4,84,22.124
4,2.92446,18,0.00587458,0.00587458,1,1,26,7,7,3,1,4,84,11.901
4,2.92446,19,0.00587458,0.00587458,1,1,26,7,7,3,1,4,84,22.067
4,2.92446,20,0.00587458,0.00587458,1,1,27,7,8,3,1,4,91,12.38
4,2.92446,21,0.00587458,0.00587458,1,1,27,7,8,3,1,4,91,13.525
4,2.92446,22,0.00587458,0.00587458,1,1,27,7,8,3,1,4,91,12.301
4,2.92446,23,0.00587458,0.00587458,1,1,27,7,8,3,1,4,91,24.085
4,2.92446,24,0.00587458,0.00587458,1,1,27,7,8,3,1,4,91,25.289
4,2.92446,25,0.00587458,0.00587458,1,1,27,7,8,3,1,4,91,17.155
4,2.92446,26,0.00587458,0.00587458,1,1,27,7,8,3,1,4,91,13.732
4,2.92446,27,0.00587458,0.00587458,1,1,27,7,8,3,1,4,91,14.413
4,2.92446,28,0.00587458,0.00587458,1,1,27,7,8,3,1,4,91,16.017
4,2.92446,29,0.00587458,0.00587458,1,1,27,7,8,3,1,4,91,22.136
4,2.92446,30,0.00587458,0.00587458,1,1,27,7,8,3,1,4,91,24.218
4,2.92446,31,0.00587458,0.00587458,1,1,27,7,8,3,1,4,91,13.791
4,2.92446,32,0.00587458,0.00587458,1,1,26,7,7,3,1,4,84,12.459
4,2.92446,33,0.00587458,0.00587458,1,1,24,7,6,3,1,4,77,21.017
4,2.92446,34,0.00587458,0.00587458,1,1,26,7,7,3,1,4,84,15.047
4,2.92446,35,0.00587458,0.00587458,1,1,24,7,6,3,1,4,77,14.15
4,3.04812,0,0.00502095,0.00502095,1,1,35,13,6,1,1,2,69,34.56
4,3.04812,1,0.00502095,0.00502095,1,1,35,13,6,1,1,2,69,21.25
4,3.04812,2,0.00502095,0.00502095,1,1,35,13,6,1,1,2,69,20.067
4,3.04812,3,0.00502095,0.00502095,1,1,35,13,6,1,1,2,69,38.215
4,3.04812,4,0.00502095,0.00502095,1,1,35,15,4,1,1,2,57,21.156
4,3.04812,5,0.00502095,0.00502095,1,1,35,15,4,1,1,2,57,19.391
4,3.04812,6,0.00502095,0.00502095,1,1,35,15,4,1,1,2,57,35.77
4,3.04812,7,0.00502095,0.00502095,1,1,35,15,4,1,1,2,57,20.382
4,3.04812,8,0.00502095,0.00502095,1,1,35,13,6,1,1,2,69,34.396
4,3.04812,9,0.00502095,0.00502095,1,1,35,13,6,1,1,2,69,23.12
4,3.04812,10,0.00502095,0.00502095,1,1,35,13,6,1,1,2,69,38.489
4,3.04812,11,0.00502095,0.00502095,1,1,35,13,6,1,1,2,69,22.918
4,3.04812,12,0.00502095,0.00502095,1,1,35,13,6,1,1,2,69,21.695
4,3.04812,13,0.00502095,0.00502095,1,1,35,13,6,1,1,2,69,37.876
4,3.04812,14,0.00502095,0.00502095,1,1,35,13,6,1,1,2,69,21.124
4,3.04812,15,0.00502095,0.00502095,1,1,35,13,6,1,1,2,69,25.749
4,3.04812,16,0.00502095,0.00502095,1,1,35,15,4,1,1,2,57,38.332
4,3.04812,17,0.00502095,0.00502095,1,1,35,15,4,1,1,2,57,20.417
4,3.04812,18,0.00502095,0.00502095,1,1,35,15,4,1,1,2,57,35.662
4,3.04812,19,0.00502095,0.00502095,1,1,35,15,4,1,1,2,57,34.564
4,3.04812,20,0.00502095,0.00502095,1,1,35,13,6,1,1,2,69,19.378
4,3.04812,21,0.00502095,0.00502095,1,1,35,13,6,1,1,2,69,37.487
4,3.04812,22,0.00502095,0.00502095,1,1,35,13,6,1,1,2,69,18.562
4,3.04812,23,0.00502095,0.00502095,1,1,35,13,6,1,1,2,69,36.183
4,3.04812,24,0.00502095,0.00502095,1,1,35,13,6,1,1,2,69,36.244
4,3.04812,25,0.00502095,0.00502095,1,1,35,13,6,1,1,2,69,18.793
4,3.04812,26,0.00502095,0.00502095,1,1,35,13,6,1,1,2,69,38.382
4,3.04812,27,0.00502095,0.00502095,1,1,35,13,6,1,1,2,69,20.069
4,3.04812,28,0.00502095,0.00502095,1,1,35,15,4,1,1,2,57,38.977
4,3.04812,29,0.00502095,0.00502095,1,1,35,15,4,1,1,2,57,37.932
4,3.04812,30,0.00502095,0.00502095,1,1,35,15,4,1,1,2,57,25.544
4,3.04812,31,0.00502095,0.00502095,1,1,35,15,4,1,1,2,57,22.186
4,3.04812,32,0.00502095,0.00502095,1,1,35,13,6,1,1,2,69,51.316
4,3.04812,33,0.00502095,0.00502095,1,1,35,13,6,1,1,2,69,50.713
4,3.04812,34,0.00502095,0.00502095,1,1,35,13,6,1,1,2,69,29.131
4,3.04812,35,0.00502095,0.00502095,1,1,35,13,6,1,1,2,69,42.887
4,3.14089,0,0.00570703,0.00570703,1,1,31,13,2,3,1,4,55,36.518
4,3.14089,1,0.00570703,0.00570703,1,1,31,13,2,3,1,4,55,40.547
4,3.14089,2,0.00570703,0.00570703,1,1,31,13,2,3,1,4,55,37.995
4,3.14089,3,0.00570703,0.00570703,1,1,31,13,2,3,1,4,55,35.365
4,3.14089,4,0.00570703,0.00570703,1,1,31,13,2,3,1,4,55,41.115
4,3.14089,5,0.00570703,0.00570703,1,1,31,13,2,3,1,4,55,27.037
4,3.14089,6,0.00570703,0.00570703,1,1,31,13,2,3,1,4,55,38.53
4,3.14089,7,0.00570703,0.00570703,1,1,31,13,2,3,1,4,55,30.831
4,3.14089,8,0.00570703,0.00570703,1,1,31,11,4,3,1,4,67,33.276
4,3.14089,9,0.00570703,0.00570703,1,1,31,11,4,3,1,4,67,18.757
4,3.14089,10,0.00570703,0.00570703,1,1,31,11,4,3,1,4,67,37.722
4,3.14089,11,0.00570703,0.00570703,1,1,31,11,4,3,1,4,67,36.779
4,3.14089,12,0.00570703,0.00570703,1,1,31,11,4,3,1,4,67,19.555
4,3.14089,13,0.00570703,0.00570703,1,1,31,11,4,3,1,4,67,19.023
4,3.14089,14,0.00570703,0.00570703,1,1,31,11,4,3,1,4,67,20.459
4,3.14089,15,0.00570703,0.00570703,1,1,31,11,4,3,1,4,67,35.691
4,3.14089,16,0.00570703,0.00570703,1,1,31,11,4,3,1,4,67,21.017
4,3.14089,17,0.00570703,0.00570703,1,1,31,11,4,3,1,4,67,24.33
4,3.14089,18,0.00570703,0.00570703,1,1,31,11,4,3,1,4,67,20.812
4,3.14089,19,0.00570703,0.00570703,1,1,31,11,4,3,1,4,67,20.665
4,3.14089,20,0.00570703,0.00570703,1,1,31,13,2,3,1,4,55,18.628
4,3.14089,21,0.00570703,0.00570703,1,1,31,13,2,3,1,4,55,28.843
4,3.14089,22,0.00570703,0.00570703,1,1,31,13,2,3,1,4,55,29.657
4,3.14089,23,0.00570703,0.00570703,1,1,31,13,2,3,1,4,55,19.481
4,3.14089,24,0.00570703,0.00570703,1,1,31,11,4,3,1,4,67,21.967
4,3.14089,25,0.00570703,0.00570703,1,1,31,11,4,3,1,4,67,19.966
4,3.14089,26,0.00570703,0.00570703,1,1,31,11,4,3,1,4,67,20.472
4,3.14089,27,0.00570703,0.00570703,1,1,31,11,4,3,1,4,67,42.809
4,3.14089,28,0.00570703,0.00570703,1,1,31,11,4,3,1,4,67,24.644
4,3.14089,29,0.00570703,0.00570703,1,1,31,11,4,3,1,4,67,36.052
4,3.14089,30,0.00570703,0.00570703,1,1,31,11,4,3,1,4,67,43.442
4,3.14089,31,0.00570703,0.00570703,1,1,31,11,4,3,1,4,67,29.92
4,3.14089,32,0.00570703,0.00570703,1,1,31,11,4,3,1,4,67,36.79
4,3.14089,33,0.00570703,0.00570703,1,1,31,11,4,3,1,4,67,19.909
4,3.14089,34,0.00570703,0.00570703,1,1,31,11,4,3,1,4,67,20.503
4,3.14089,35,0.00570703,0.00570703,1,1,31,11,4,3,1,4,67,32.924
