theta,eps,f,key,frob,unit_err,hrsa_D,success,greedy,dec_s,N_D,n_syl,R_syl,R_resid_classify,R_resid_sign,R_total,lvl3,lvl4,cliff_diag,first_eps,R_positions,trail_signs,trail_det,sde0,col0_rel,col0_dig,det_sign,row0_rel,row0_dig
0.3,0.01,3,hrsa_t0.3_e0.01#213,0.0069867469562380465,8.326481237903044e-16,34,True,False,36.247,34,31,5,0,1,6,9,9,13,1,0 5 12 19 26,+-+,-1,36,000,121,1,000,122
0.3,0.01,3,hrsa_t0.3_e0.01#5,0.0067455188591783195,1.0270889293619092e-15,40,True,False,37.217,40,35,1,0,1,2,14,10,11,1,0,+--,-1,36,000,121,1,000,122
0.3,0.01,3,hrsa_t0.3_e0.01#152,0.006108322316105514,1.2941078079889909e-15,52,True,False,45.832,52,35,1,0,1,2,21,7,7,1,0,-+-,-1,36,000,121,1,000,122
0.3,0.01,3,hrsa_t0.3_e0.01#188,0.0063980353815433115,1.0158168366390747e-15,42,True,False,25.593,41,33,3,0,1,4,15,8,10,1,0 13 20,+--,-1,36,000,122,1,000,121
0.3,0.01,3,hrsa_t0.3_e0.01#99,0.006287016490438116,7.910761980608188e-16,40,True,False,44.369,40,33,3,0,1,4,13,9,11,1,0 6 27,-+-,-1,36,000,122,1,000,121
0.3,0.01,3,hrsa_t0.3_e0.01#138,0.006877801296855002,6.70709616019389e-16,52,True,False,35.817,52,35,1,0,1,2,21,7,7,1,0,--+,-1,36,000,121,1,000,122
0.3,0.01,3,hrsa_t0.3_e0.01#289,0.006366161700669749,8.937162776836406e-16,58,True,False,34.194,58,35,1,0,1,2,25,5,5,1,0,+-+,-1,36,000,122,1,000,121
0.3,0.01,3,hrsa_t0.3_e0.01#223,0.0064379648168302345,5.364384590933172e-16,40,True,False,32.86,40,31,5,0,1,6,14,6,11,1,0 10 13 18 21,-+-,-1,36,000,122,1,000,121
0.3,0.01,3,hrsa_t0.3_e0.01#82,0.0068326342220880075,8.047080560200338e-16,46,True,False,38.04,46,31,3,0,1,4,18,6,7,1,0 12 19,+-+,-1,34,000,112,1,000,112
0.3,0.01,3,hrsa_t0.3_e0.01#191,0.006407784952529944,9.464060735191707e-16,38,True,False,21.317,38,33,3,0,1,4,11,11,11,1,0 3 30,+--,-1,36,000,121,1,000,122
0.3,0.01,3,hrsa_t0.3_e0.01#63,0.006917062924008284,1.0206848949900818e-15,46,True,False,28.845,46,31,5,0,1,6,18,4,9,1,0 8 11 20 23,+--,-1,36,000,121,1,000,122
0.3,0.01,3,hrsa_t0.3_e0.01#221,0.006459617313626994,1.1112404671071528e-15,58,True,False,15.92,58,35,1,0,1,2,26,4,5,1,0,++-,-1,36,000,122,1,000,121
0.3,0.01,3,hrsa_t0.3_e0.01#133,0.006668150495578529,1.016051241448656e-15,52,True,False,27.321,52,35,1,0,1,2,21,7,7,1,0,+-+,-1,36,000,121,1,000,122
0.3,0.01,3,hrsa_t0.3_e0.01#89,0.006785720785612441,9.284225413448806e-16,42,True,False,28.388,42,29,7,0,1,8,13,7,9,1,0 3 11 13 16 18 26,--+,-1,36,000,112,1,000,112
0.3,0.01,3,hrsa_t0.3_e0.01#283,0.0062642838595630005,8.415403975538678e-16,52,True,False,28.36,52,35,1,0,1,2,21,7,7,1,0,-+-,-1,36,000,122,1,000,121
0.3,0.01,3,hrsa_t0.3_e0.01#95,0.006336479069632684,7.32839052693063e-16,64,True,False,8.079,64,35,1,0,1,2,29,3,3,1,0,-+-,-1,36,000,112,1,000,112
0.3,0.01,3,hrsa_t0.3_e0.01#181,0.006350989635761153,5.744326725607426e-16,34,True,False,24.635,34,33,3,0,1,4,9,11,13,1,0 4 29,-+-,-1,36,000,112,1,000,112
0.3,0.01,3,hrsa_t0.3_e0.01#46,0.0067843410819385715,1.2625604141240641e-15,52,True,False,20.339,52,35,1,0,1,2,21,7,7,1,0,-+-,-1,36,000,122,1,000,121
0.3,0.01,3,hrsa_t0.3_e0.01#271,0.0066842137865393975,6.523135664041362e-16,40,True,False,26.59,40,32,3,0,0,3,14,8,10,0,12 16 20,+++,-1,36,000,111,1,000,111
0.3,0.01,3,hrsa_t0.3_e0.01#211,0.006357199555795782,7.004157900604495e-16,46,True,False,31.337,46,31,5,0,1,6,18,4,9,1,0 5 13 18 26,-+-,-1,36,000,122,1,000,121
0.3,0.01,3,hrsa_t0.3_e0.01#258,0.005902602192340149,8.034919237333738e-16,48,True,False,31.211,48,33,3,0,1,4,19,5,9,1,0 9 24,-+-,-1,36,000,112,1,000,112
0.3,0.01,3,hrsa_t0.3_e0.01#85,0.006789917215485155,1.004521488719125e-15,35,True,False,40.099,35,31,4,0,0,4,9,11,11,0,5 14 17 26,---,1,36,000,111,1,000,111
0.3,0.01,3,hrsa_t0.3_e0.01#75,0.006780209543320296,4.345224772481022e-16,43,True,False,48.816,43,33,2,0,0,2,15,9,9,0,10 23,---,1,36,000,111,1,000,111
0.3,0.01,3,hrsa_t0.3_e0.01#105,0.006652750470013449,9.31772130426187e-16,44,True,False,37.349,44,31,1,0,1,2,17,7,7,1,0,+-+,-1,32,000,112,1,000,112
0.3,0.01,3,hrsa_t0.3_e0.01#39,0.006751387865269997,6.967293592615764e-16,46,True,False,22.755,46,35,1,0,1,2,17,9,9,1,0,+--,-1,36,000,121,1,000,122
0.3,0.01,3,hrsa_t0.3_e0.01#97,0.006282933543559843,1.150723942549577e-15,58,True,False,23.808,58,35,1,0,1,2,25,5,5,1,0,+--,-1,36,000,121,1,000,122
0.3,0.01,3,hrsa_t0.3_e0.01#174,0.005940925066077458,9.698915181905978e-16,46,True,False,25.844,46,35,1,0,1,2,17,9,9,1,0,+-+,-1,36,000,122,1,000,121
0.3,0.01,3,hrsa_t0.3_e0.01#164,0.006610231319072769,5.661291473785596e-16,35,True,False,45.283,35,32,4,0,1,5,9,11,12,1,0 8 16 24,++-,1,36,000,112,1,000,112
0.3,0.01,3,hrsa_t0.3_e0.01#12,0.006569223094804055,5.548533422518512e-16,47,True,False,26.976,47,32,4,0,1,5,18,5,9,1,0 9 16 23,+--,1,36,000,121,1,000,122
0.3,0.01,3,hrsa_t0.3_e0.01#234,0.006195091314870976,7.549725791343293e-16,47,True,False,27.704,47,31,5,0,1,6,17,6,8,1,0 10 13 18 21,-++,-1,36,000,121,1,000,122
0.3,0.01,3,hrsa_t0.3_e0.01#173,0.006294941726877027,7.950127602466484e-16,40,True,False,20.609,40,34,2,0,1,3,14,8,12,1,0 17,-++,1,36,000,122,1,000,121
0.3,0.01,3,hrsa_t0.3_e0.01#13,0.006695259254703486,9.444716990462725e-16,42,True,False,23.704,42,29,7,0,1,8,13,7,9,1,0 5 9 13 16 20 24,+--,-1,36,000,121,1,000,122
0.3,0.01,3,hrsa_t0.3_e0.01#261,0.005913872911562075,8.722354912283567e-16,41,True,False,32.329,41,33,2,0,0,2,16,6,11,0,7 26,---,1,36,000,111,1,000,111
0.3,0.01,3,hrsa_t0.3_e0.01#212,0.005928352764613906,9.254071580194118e-16,36,True,False,31.087,35,33,3,0,1,4,11,10,12,1,0 14 19,++-,-1,36,000,121,1,000,122
0.3,0.01,3,hrsa_t0.3_e0.01#1,0.0068650233757737746,6.376434369964151e-16,56,True,False,20.094,55,35,1,0,1,2,25,4,6,1,0,-++,-1,36,000,112,1,000,112
0.3,0.01,3,hrsa_t0.3_e0.01#3,0.006865618415565332,8.539108504515868e-16,55,True,False,14.925,55,33,2,0,0,2,23,5,5,0,9 24,---,1,36,000,111,1,000,111
0.3,0.01,3,hrsa_t0.3_e0.01#83,0.006960785885775499,7.307966264901377e-16,45,True,False,25.987,45,30,4,0,1,5,18,3,9,1,0 8 15 22,+--,1,34,000,121,1,000,122
0.3,0.01,3,hrsa_t0.3_e0.01#91,0.006568479924450988,7.701213405649111e-16,40,True,False,31.141,40,33,3,0,1,4,13,9,11,1,0 15 18,-++,-1,36,000,112,1,000,112
0.3,0.01,3,hrsa_t0.3_e0.01#146,0.006117175244033237,9.738176899663008e-16,41,True,False,28.425,41,34,2,0,1,3,14,9,11,1,0 17,--+,1,36,000,122,1,000,121
0.3,0.01,3,hrsa_t0.3_e0.01#50,0.006814327558037345,1.0199192865626786e-15,42,True,False,25.21,42,30,5,0,0,5,15,5,10,0,7 10 15 20 23,+++,-1,36,000,111,1,000,111
0.3,0.01,3,hrsa_t0.3_e0.01#266,0.006573195562721005,7.00268472036291e-16,50,True,False,31.076,50,33,3,0,1,4,19,7,7,1,0 9 24,++-,-1,36,000,112,1,000,112
0.3,0.01,3,hrsa_t0.3_e0.01#54,0.006456775955299448,1.0015648926551653e-15,26,True,False,36.793,25,31,5,0,1,6,5,10,16,1,0 7 9 22 24,-+-,-1,36,000,122,1,000,121
0.3,0.01,3,hrsa_t0.3_e0.01#93,0.0064382623539887785,9.187515052751617e-16,58,True,False,29.3,58,33,3,0,1,4,25,3,5,1,0 6 27,--+,-1,36,000,112,1,000,112
0.3,0.01,3,hrsa_t0.3_e0.01#192,0.006422160541128017,1.2365914212477336e-15,40,True,False,40.459,40,35,1,0,1,2,14,10,11,1,0,+--,-1,36,000,121,1,000,122
0.3,0.01,3,hrsa_t0.3_e0.01#119,0.007012213813855713,9.263113204262444e-16,58,True,False,20.329,58,33,3,0,1,4,25,3,5,1,0 10 23,-++,-1,36,000,112,1,000,112
0.3,0.01,3,hrsa_t0.3_e0.01#245,0.0067279912604656525,9.457248295349212e-16,32,True,False,28.818,32,29,7,0,1,8,7,9,13,1,0 5 9 13 16 20 24,--+,-1,36,000,112,1,000,112
0.3,0.01,3,hrsa_t0.3_e0.01#134,0.006793811676008607,1.1197536043418297e-15,44,True,False,34.355,44,33,3,0,1,4,15,9,9,1,0 4 29,-++,-1,36,000,121,1,000,122
0.3,0.01,3,hrsa_t0.3_e0.01#297,0.0057984783582551045,7.434342905984994e-16,48,True,False,25.8,48,33,2,0,0,2,19,6,8,0,3 30,---,1,36,000,111,1,000,111
0.3,0.01,3,hrsa_t0.3_e0.01#285,0.006148390582252403,8.2992049299529e-16,32,True,False,33.212,32,27,9,0,1,10,7,7,13,1,0 2 4 6 12 15 21 23 25,+-+,-1,36,000,122,1,000,121
0.3,0.01,3,hrsa_t0.3_e0.01#233,0.006173893369168265,8.816260555299533e-16,53,True,False,41.188,52,34,2,0,1,3,23,4,7,1,0 17,+-+,1,36,000,122,1,000,121
0.3,0.01,3,hrsa_t0.3_e0.01#280,0.0065370506676732856,9.07181941485415e-16,58,True,False,24.646,58,35,1,0,1,2,25,5,5,1,0,+--,-1,36,000,121,1,000,122
0.3,0.01,3,hrsa_t0.3_e0.01#84,0.006768955559530385,9.298768559426793e-16,41,True,False,27.2,41,29,6,0,0,6,13,7,9,0,5 7 10 19 22 24,---,1,36,000,111,1,000,111
0.3,0.01,3,hrsa_t0.3_e0.01#206,0.006718258386611869,8.390367019569464e-16,30,True,False,24.418,30,27,9,0,1,10,5,9,13,1,0 2 4 6 11 16 21 23 25,--+,-1,36,000,121,1,000,122
0.3,0.01,3,hrsa_t0.3_e0.01#10,0.006678228323579522,8.718475664284521e-16,64,True,False,19.531,64,33,3,0,1,4,29,1,3,1,0 13 20,++-,-1,36,000,122,1,000,121
0.3,0.01,3,hrsa_t0.3_e0.01#59,0.006868056030161858,6.345494057862244e-16,64,True,False,16.741,64,33,3,0,1,4,29,1,3,1,0 8 25,-+-,-1,36,000,121,1,000,122
0.3,0.01,3,hrsa_t0.3_e0.01#30,0.006944441318385181,9.843088552192393e-16,39,True,False,26.592,39,31,4,0,0,4,13,7,11,0,4 13 18 27,---,1,36,000,111,1,000,111
0.3,0.01,3,hrsa_t0.3_e0.01#292,0.006089119550622908,9.847217135038541e-16,44,True,False,33.254,44,30,5,0,0,5,16,6,8,0,8 13 15 17 22,+++,-1,36,000,111,1,000,111
0.3,0.01,3,hrsa_t0.3_e0.01#127,0.0068753423693634465,1.1128820682728927e-15,45,True,False,40.983,45,33,2,0,0,2,17,7,9,0,11 22,---,1,36,000,111,1,000,111
0.3,0.01,3,hrsa_t0.3_e0.01#55,0.0064833044998658974,1.1384520981169993e-15,42,True,False,51.369,42,31,5,0,1,6,13,9,9,1,0 2 5 26 29,++-,-1,36,000,122,1,000,121
0.3,0.01,3,hrsa_t0.3_e0.01#296,0.006135134852314413,8.185361633454811e-16,51,True,False,24.744,51,33,2,0,0,2,21,5,7,0,10 23,---,1,36,000,111,1,000,111
0.3,0.01,3,hrsa_t0.3_e0.01#205,0.005955619690950493,7.589574309080322e-16,52,True,False,46.1,52,35,1,0,1,2,22,6,7,1,0,--+,-1,36,000,122,1,000,121
0.3,0.01,3,hrsa_t0.3_e0.01#193,0.005980314738578822,8.622776761349132e-16,46,True,False,48.058,46,35,1,0,1,2,17,9,9,1,0,--+,-1,36,000,121,1,000,122
0.3,0.01,3,hrsa_t0.3_e0.01#142,0.006918446986039377,9.85447705075769e-16,50,True,False,36.147,50,33,3,0,1,4,20,6,7,1,0 13 20,+--,-1,36,000,122,1,000,121
0.3,0.01,3,hrsa_t0.3_e0.01#171,0.006106848071460059,1.4081526225309497e-15,50,True,False,34.192,50,33,3,0,1,4,19,7,7,1,0 12 21,-+-,-1,36,000,122,1,000,121
0.3,0.01,3,hrsa_t0.3_e0.01#47,0.006875764042061042,9.95598476234588e-16,52,True,False,23.923,52,35,1,0,1,2,22,6,7,1,0,+-+,-1,36,000,122,1,000,121
0.3,0.01,3,hrsa_t0.3_e0.01#65,0.006764691588254291,6.541345376306433e-16,50,True,False,27.142,50,33,3,0,1,4,19,7,7,1,0 4 29,+--,-1,36,000,121,1,000,122
0.3,0.01,3,hrsa_t0.3_e0.01#150,0.0060441440751032695,1.083995115943412e-15,42,True,False,19.443,42,33,3,0,1,4,16,6,11,1,0 7 26,--+,-1,36,000,121,1,000,122
0.3,0.01,3,hrsa_t0.3_e0.01#111,0.006249996568942796,8.260867688095535e-16,39,True,False,29.09,39,32,4,0,1,5,13,8,11,1,0 9 16 23,+--,1,36,000,112,1,000,112
0.3,0.01,3,hrsa_t0.3_e0.01#132,0.006812031735970366,1.1326822368564466e-15,49,True,False,28.257,49,31,4,0,0,4,19,5,7,0,7 11 20 24,+++,1,36,000,111,1,000,111
0.3,0.01,3,hrsa_t0.3_e0.01#33,0.006929056430098947,5.376706062129589e-16,46,True,False,25.964,46,35,1,0,1,2,17,9,9,1,0,+-+,-1,36,000,112,1,000,112
0.3,0.01,3,hrsa_t0.3_e0.01#246,0.00631879787873797,9.388736902122057e-16,57,True,False,21.127,57,35,0,0,0,0,25,5,5,0,,+++,1,36,000,111,1,000,111
0.3,0.01,3,hrsa_t0.3_e0.01#42,0.006812796920174489,8.213122317916173e-16,30,True,False,14.134,30,25,5,0,1,6,7,9,9,1,0 4 6 19 21,--+,-1,30,000,122,1,000,121
0.3,0.01,3,hrsa_t0.3_e0.01#77,0.006848897146370686,7.085171508466765e-16,38,True,False,37.857,38,33,3,0,1,4,11,11,11,1,0 2 31,+--,-1,36,000,112,1,000,112
0.3,0.01,3,hrsa_t0.3_e0.01#288,0.005928719112743047,4.528638417552473e-16,56,True,False,27.918,56,33,3,0,1,4,23,5,5,1,0 11 22,++-,-1,36,000,122,1,000,121
0.3,0.01,3,hrsa_t0.3_e0.01#299,0.00613875742797448,1.238829522187931e-15,45,True,False,25.467,45,35,0,0,0,0,17,9,9,0,,---,1,36,000,111,1,000,111
0.3,0.01,3,hrsa_t0.3_e0.01#2,0.006839106029790106,7.241880921783846e-16,45,True,False,33.178,45,30,6,0,1,7,15,7,8,1,0 4 13 15 17 26,--+,1,36,000,112,1,000,112
0.3,0.01,3,hrsa_t0.3_e0.01#38,0.006714095455835706,6.648160810763672e-16,46,True,False,39.685,46,35,1,0,1,2,18,8,9,1,0,+--,-1,36,000,121,1,000,122
0.3,0.01,3,hrsa_t0.3_e0.01#58,0.006887575173930377,6.644963062893023e-16,43,True,False,33.262,43,34,2,0,1,3,15,9,10,1,0 17,-++,1,36,000,121,1,000,122
0.3,0.01,3,hrsa_t0.3_e0.01#286,0.005958063254253486,1.0882780983931954e-15,48,True,False,22.337,48,31,5,0,1,6,17,7,7,1,0 2 10 21 29,++-,-1,36,000,121,1,000,122
0.3,0.01,3,hrsa_t0.3_e0.01#294,0.005877924336221669,8.21748546071947e-16,33,True,False,34.373,33,31,4,0,0,4,9,9,13,0,9 14 17 22,---,1,36,000,111,1,000,111
0.3,0.01,3,hrsa_t0.3_e0.01#87,0.00680305913266807,8.01838918709477e-16,34,True,False,32.521,34,29,6,0,0,6,9,8,12,0,3 7 9 20 22 26,+++,1,36,000,111,1,000,111
0.3,0.01,3,hrsa_t0.3_e0.01#40,0.006730729927422704,8.65668202143539e-16,41,True,False,35.3,41,32,4,0,1,5,13,9,10,1,0 4 16 28,+--,1,36,000,121,1,000,122
0.3,0.01,3,hrsa_t0.3_e0.01#98,0.006169325193601809,1.1990090270136242e-15,52,True,False,21.324,52,33,3,0,1,4,21,5,7,1,0 2 31,+-+,-1,36,000,122,1,000,121
0.3,0.01,3,hrsa_t0.3_e0.01#291,0.0060625816891099055,8.971386813635893e-16,50,True,False,19.078,50,31,5,0,1,6,19,5,7,1,0 8 14 17 23,--+,-1,36,000,112,1,000,112
0.3,0.01,3,hrsa_t0.3_e0.01#264,0.0057626252950559766,1.0553394632402507e-15,39,True,False,19.442,39,33,2,0,0,2,14,8,11,0,12 21,+++,1,36,000,111,1,000,111
0.3,0.01,3,hrsa_t0.3_e0.01#281,0.006317620653269652,8.576416030451019e-16,52,True,False,31.207,52,33,3,0,1,4,21,5,7,1,0 13 20,++-,-1,36,000,121,1,000,122
0.3,0.01,3,hrsa_t0.3_e0.01#15,0.0070348413949921995,8.53962340872439e-16,44,True,False,30.27,44,31,5,0,1,6,16,6,9,1,0 9 14 17 22,+--,-1,36,000,122,1,000,121
0.3,0.01,3,hrsa_t0.3_e0.01#182,0.006244200375762214,6.863648456768404e-16,32,True,False,21.523,32,33,3,0,1,4,8,12,13,1,0 6 27,--+,-1,36,000,112,1,000,112
0.3,0.01,3,hrsa_t0.3_e0.01#113,0.00624708024185291,1.0641478306596216e-15,39,True,False,27.735,39,33,3,0,1,4,13,8,12,1,0 13 20,+-+,-1,36,000,122,1,000,121
0.3,0.01,3,hrsa_t0.3_e0.01#20,0.007048270642272058,7.009133593858122e-16,38,True,False,22.348,38,31,5,0,1,6,11,9,11,1,0 7 9 22 24,++-,-1,36,000,122,1,000,121
0.3,0.01,3,hrsa_t0.3_e0.01#295,0.006119176429051125,6.410336320774139e-16,57,True,False,19.557,57,33,2,0,0,2,25,3,5,0,14 19,+++,1,36,000,111,1,000,111
0.3,0.01,3,hrsa_t0.3_e0.01#204,0.006549986578635292,6.217098724838774e-16,44,True,False,28.981,44,33,3,0,1,4,15,9,9,1,0 15 18,+-+,-1,36,000,122,1,000,121
0.3,0.01,3,hrsa_t0.3_e0.01#45,0.006738171941340956,9.21711860115872e-16,30,True,False,49.887,30,27,3,0,1,4,9,7,11,1,0 2 25,+--,-1,30,000,121,1,000,122
0.3,0.01,3,hrsa_t0.3_e0.01#201,0.0066894451533634144,5.1770467235739e-16,52,True,False,46.604,52,35,1,0,1,2,21,7,7,1,0,+-+,-1,36,000,121,1,000,122
0.3,0.01,3,hrsa_t0.3_e0.01#224,0.006369390125021178,8.807962706111287e-16,52,True,False,37.627,52,33,3,0,1,4,22,4,7,1,0 10 23,++-,-1,36,000,121,1,000,122
0.3,0.01,3,hrsa_t0.3_e0.01#197,0.005833548338250369,1.1246414566700095e-15,37,True,False,46.101,37,30,6,0,1,7,10,9,11,1,0 2 11 15 19 28,--+,1,36,000,121,1,000,122
0.3,0.01,3,hrsa_t0.3_e0.01#259,0.005920768123803981,1.126374714326948e-15,51,True,False,18.872,51,30,6,0,1,7,20,3,7,1,0 2 9 15 21 28,+--,1,36,000,112,1,000,112
0.3,0.01,3,hrsa_t0.3_e0.01#94,0.0066767917007018625,8.565050343881918e-16,38,True,False,24.886,38,33,3,0,1,4,11,11,11,1,0 7 26,++-,-1,36,000,112,1,000,112
0.3,0.01,3,hrsa_t0.3_e0.01#241,0.00665426006286218,1.055546135300836e-15,51,True,False,22.329,51,33,2,0,0,2,21,5,7,0,15 18,+++,1,36,000,111,1,000,111
0.3,0.01,3,hrsa_t0.3_e0.01#269,0.006515905101364176,8.177696174090333e-16,38,True,False,13.836,38,33,3,0,1,4,11,11,11,1,0 2 31,-++,-1,36,000,112,1,000,112
0.5,0.01,3,hrsa_t0.5_e0.01#213,0.006730993726415345,9.005005983380111e-16,33,True,False,38.898,33,30,6,0,1,7,8,9,13,1,0 4 13 15 17 26,-+-,1,36,000,122,1,000,121
0.5,0.01,3,hrsa_t0.5_e0.01#5,0.006983523971687679,1.035243701359564e-15,49,True,False,24.211,49,29,5,0,1,6,19,4,6,1,0 2 8 21 27,-+-,-1,34,000,122,1,000,121
0.5,0.01,3,hrsa_t0.5_e0.01#152,0.006551169295756266,6.432433270025975e-16,38,True,False,49.365,38,31,5,0,1,6,11,9,11,1,0 2 5 26 29,+-+,-1,36,000,112,1,000,112
0.5,0.01,3,hrsa_t0.5_e0.01#188,0.006152832107666591,8.522873194218489e-16,58,True,False,35.92,58,33,3,0,1,4,25,3,5,1,0 3 30,-+-,-1,36,000,122,1,000,121
0.5,0.01,3,hrsa_t0.5_e0.01#99,0.006776657321926136,4.3339535692372266e-16,48,True,False,32.25,48,33,1,0,1,2,19,7,7,1,0,+--,-1,34,000,121,1,000,122
0.5,0.01,3,hrsa_t0.5_e0.01#138,0.006831585078460893,9.725748589262357e-16,39,True,False,25.099,39,29,4,0,0,4,14,6,9,0,2 4 25 27,---,1,34,000,111,1,000,111
0.5,0.01,3,hrsa_t0.5_e0.01#289,0.006118418788877242,7.676050296687473e-16,48,True,False,20.063,48,31,3,0,1,4,19,5,7,1,0 14 17,--+,-1,34,000,112,1,000,112
0.5,0.01,3,hrsa_t0.5_e0.01#223,0.006725549230643668,7.722345472792667e-16,48,True,False,19.907,48,31,5,0,1,6,18,6,7,1,0 8 10 21 23,-+-,-1,36,000,112,1,000,112
0.5,0.01,3,hrsa_t0.5_e0.01#82,0.006506697145624163,1.1240460328298085e-15,47,True,False,25.293,47,34,2,0,1,3,18,7,9,1,0 17,+--,1,36,000,122,1,000,121
0.5,0.01,3,hrsa_t0.5_e0.01#191,0.006085470713614947,7.879688772398366e-16,50,True,False,30.23,50,33,3,0,1,4,20,6,7,1,0 15 18,-+-,-1,36,000,122,1,000,121
0.5,0.01,3,hrsa_t0.5_e0.01#63,0.006531581608885955,7.850381526339396e-16,37,True,False,20.221,37,33,2,0,0,2,11,11,11,0,12 21,---,1,36,000,111,1,000,111
0.5,0.01,3,hrsa_t0.5_e0.01#221,0.005806250687315873,1.0431580551681943e-15,43,True,False,23.985,43,34,2,0,1,3,16,8,10,1,0 17,--+,1,36,000,121,1,000,122
0.5,0.01,3,hrsa_t0.5_e0.01#133,0.00636757145768778,8.593392042882453e-16,48,True,False,12.795,48,29,7,0,1,8,17,5,7,1,0 2 4 6 23 25 27,+-+,-1,36,000,121,1,000,122
0.5,0.01,3,hrsa_t0.5_e0.01#89,0.006660637309827567,1.0441459748781426e-15,58,True,False,15.42,58,35,1,0,1,2,26,4,5,1,0,+--,-1,36,000,112,1,000,112
0.5,0.01,3,hrsa_t0.5_e0.01#283,0.0061239382922649915,9.750729308477217e-16,30,True,False,21.813,30,25,9,0,1,10,5,9,11,1,0 2 4 9 11 14 16 21 23,--+,-1,34,000,122,1,000,121
0.5,0.01,3,hrsa_t0.5_e0.01#95,0.006373177003238976,8.902992379330535e-16,64,True,False,7.081,64,35,1,0,1,2,29,3,3,1,0,-++,-1,36,000,112,1,000,112
0.5,0.01,3,hrsa_t0.5_e0.01#181,0.006356879843516222,6.441365325196676e-16,48,True,False,19.263,48,33,3,0,1,4,19,5,9,1,0 13 20,-++,-1,36,000,121,1,000,122
0.5,0.01,3,hrsa_t0.5_e0.01#46,0.006601468558882005,1.0287732597007089e-15,46,True,False,8.484,46,35,1,0,1,2,18,8,9,1,0,-+-,-1,36,000,112,1,000,112
0.5,0.01,3,hrsa_t0.5_e0.01#271,0.0064010927330097325,6.972014275703562e-16,28,True,False,23.632,28,35,1,0,1,2,5,15,15,1,0,-+-,-1,36,000,121,1,000,122
0.5,0.01,3,hrsa_t0.5_e0.01#211,0.006224458272808188,6.894276657890837e-16,40,True,False,25.031,40,31,5,0,1,6,13,7,11,1,0 4 9 22 27,-+-,-1,36,000,122,1,000,121
0.5,0.01,3,hrsa_t0.5_e0.01#258,0.007023871271764443,1.0669211842850705e-15,42,True,False,24.407,42,30,5,0,0,5,15,6,9,0,3 8 15 22 27,+++,-1,36,000,111,1,000,111
0.5,0.01,3,hrsa_t0.5_e0.01#85,0.006244618729304686,9.244101757581576e-16,52,True,False,20.353,52,35,1,0,1,2,21,7,7,1,0,+--,-1,36,000,122,1,000,121
0.5,0.01,3,hrsa_t0.5_e0.01#75,0.006857726992747141,9.102947440427924e-16,64,True,False,7.312,64,35,1,0,1,2,29,3,3,1,0,++-,-1,36,000,121,1,000,122
0.5,0.01,3,hrsa_t0.5_e0.01#105,0.006631014532959118,1.1350983646142156e-15,44,True,False,26.343,44,33,3,0,1,4,16,8,9,1,0 4 29,--+,-1,36,000,121,1,000,122
0.5,0.01,3,hrsa_t0.5_e0.01#39,0.006982793599699352,1.3173148080133718e-15,44,True,False,32.988,44,31,5,0,1,6,15,7,9,1,0 3 11 20 28,+--,-1,36,000,121,1,000,122
0.5,0.01,3,hrsa_t0.5_e0.01#97,0.006666115256210746,9.156551613648742e-16,45,True,False,18.83,45,32,2,0,1,3,17,7,8,1,0 16,-+-,1,34,000,121,1,000,122
0.5,0.01,3,hrsa_t0.5_e0.01#174,0.006671138898542281,4.079653840754956e-16,41,True,False,26.853,41,31,4,0,0,4,13,9,9,0,3 12 19 28,+++,1,36,000,111,1,000,111
0.5,0.01,3,hrsa_t0.5_e0.01#164,0.006883015159040852,1.1909987937243141e-15,37,True,False,35.14,37,33,2,0,0,2,11,11,11,0,6 27,---,1,36,000,111,1,000,111
0.5,0.01,3,hrsa_t0.5_e0.01#12,0.00700621470584814,8.450823272117253e-16,36,True,False,33.538,36,31,4,0,0,4,13,6,12,0,3 7 24 28,---,1,36,000,111,1,000,111
0.5,0.01,3,hrsa_t0.5_e0.01#234,0.00642344445630608,9.48514278610288e-16,30,True,False,23.363,30,31,5,0,1,6,5,13,13,1,0 4 9 22 27,-++,-1,36,000,112,1,000,112
0.5,0.01,3,hrsa_t0.5_e0.01#173,0.00681236035600265,1.0150739055179235e-15,39,True,False,26.128,39,33,2,0,0,2,13,9,11,0,10 23,+++,1,36,000,111,1,000,111
0.5,0.01,3,hrsa_t0.5_e0.01#13,0.007010356665719433,8.110667908606378e-16,46,True,False,22.851,46,31,5,0,1,6,18,4,9,1,0 2 12 19 29,--+,-1,36,000,112,1,000,112
0.5,0.01,3,hrsa_t0.5_e0.01#261,0.0065261765656800174,5.514898093191644e-16,37,True,False,22.153,37,30,6,0,1,7,10,9,11,1,0 8 10 15 20 22,-+-,1,36,000,112,1,000,112
0.5,0.01,3,hrsa_t0.5_e0.01#212,0.006801376455077471,6.985136628585321e-16,56,True,False,11.494,56,33,3,0,1,4,23,5,5,1,0 2 31,+-+,-1,36,000,122,1,000,121
0.5,0.01,3,hrsa_t0.5_e0.01#1,0.0070211404780287975,7.106999988738892e-16,48,True,False,22.051,48,28,5,0,0,5,19,3,6,0,4 11 14 17 24,---,-1,34,000,111,1,000,111
0.5,0.01,3,hrsa_t0.5_e0.01#3,0.0070083918823885824,1.105416355051538e-15,50,True,False,22.511,50,32,2,0,1,3,21,4,7,1,0 16,++-,1,34,000,112,1,000,112
0.5,0.01,3,hrsa_t0.5_e0.01#83,0.006539205495223891,1.225888930236069e-15,52,True,False,19.803,52,35,1,0,1,2,21,7,7,1,0,-++,-1,36,000,122,1,000,121
0.5,0.01,3,hrsa_t0.5_e0.01#91,0.006573236179013992,8.037817369141701e-16,34,True,False,23.48,33,31,5,0,1,6,9,10,12,1,0 12 14 17 19,-+-,-1,36,000,112,1,000,112
0.5,0.01,3,hrsa_t0.5_e0.01#146,0.005995261900263532,5.306712942718218e-16,45,True,False,16.802,45,32,4,0,1,5,16,7,9,1,0 10 16 22,-+-,1,36,000,122,1,000,121
0.5,0.01,3,hrsa_t0.5_e0.01#50,0.006400572078730379,1.0352398910728992e-15,45,True,False,16.089,45,33,2,0,0,2,17,7,9,0,4 29,+++,1,36,000,111,1,000,111
0.5,0.01,3,hrsa_t0.5_e0.01#266,0.006028068259074519,1.1053485959418052e-15,58,True,False,11.751,58,35,1,0,1,2,25,5,5,1,0,++-,-1,36,000,112,1,000,112
0.5,0.01,3,hrsa_t0.5_e0.01#54,0.0068345047621446485,8.469770838712916e-16,48,True,False,23.099,48,33,3,0,1,4,19,5,9,1,0 9 24,-+-,-1,36,000,121,1,000,122
0.5,0.01,3,hrsa_t0.5_e0.01#93,0.006901476677069152,1.1364516216574092e-15,50,True,False,19.603,50,33,3,0,1,4,19,7,7,1,0 9 24,--+,-1,36,000,112,1,000,112
0.5,0.01,3,hrsa_t0.5_e0.01#192,0.00603386068707778,9.466564321242986e-16,52,True,False,24.467,52,35,1,0,1,2,21,7,7,1,0,+--,-1,36,000,122,1,000,121
0.5,0.01,3,hrsa_t0.5_e0.01#119,0.00640508796787701,8.99267103182081e-16,46,True,False,19.421,46,35,1,0,1,2,17,9,9,1,0,--+,-1,36,000,121,1,000,122
0.5,0.01,3,hrsa_t0.5_e0.01#245,0.006090179357271971,6.939284890805716e-16,34,True,False,19.755,34,31,5,0,1,6,9,9,13,1,0 2 4 27 29,-++,-1,36,000,112,1,000,112
0.5,0.01,3,hrsa_t0.5_e0.01#134,0.006324313855441408,6.195897180399717e-16,52,True,False,13.12,52,35,1,0,1,2,21,7,7,1,0,-++,-1,36,000,121,1,000,122
0.5,0.01,3,hrsa_t0.5_e0.01#297,0.006913470115338042,6.871249542544612e-16,50,True,False,32.29,50,33,3,0,1,4,19,7,7,1,0 15 18,+--,-1,36,000,112,1,000,112
0.5,0.01,3,hrsa_t0.5_e0.01#285,0.00605187767964967,8.906732914358493e-16,41,True,False,47.648,41,33,1,0,1,2,15,8,10,1,0,+-+,-1,34,000,122,1,000,121
0.5,0.01,3,hrsa_t0.5_e0.01#233,0.006520072782269262,8.957441648788017e-16,42,True,False,24.328,41,33,3,0,1,4,15,8,10,1,0 4 29,-+-,-1,36,000,112,1,000,112
0.5,0.01,3,hrsa_t0.5_e0.01#280,0.006797817984928442,5.736777003492717e-16,30,True,False,48.204,30,27,5,0,1,6,7,9,11,1,0 3 5 22 24,--+,-1,32,000,122,1,000,121
0.5,0.01,3,hrsa_t0.5_e0.01#84,0.0063300739335038474,9.764150433597082e-16,34,True,False,52.226,34,35,1,0,1,2,10,12,13,1,0,++-,-1,36,000,122,1,000,121
0.5,0.01,3,hrsa_t0.5_e0.01#206,0.006434778274087835,1.034664589904513e-15,36,True,False,32.182,36,31,5,0,1,6,9,11,11,1,0 2 7 24 29,+-+,-1,36,000,122,1,000,121
0.5,0.01,3,hrsa_t0.5_e0.01#10,0.00699322475746584,1.0259899078392427e-15,43,True,False,36.229,43,32,3,0,0,3,16,6,10,0,14 16 18,---,-1,36,000,111,1,000,111
0.5,0.01,3,hrsa_t0.5_e0.01#59,0.006470288009166393,9.517371884751947e-16,58,True,False,33.038,58,35,1,0,1,2,26,4,5,1,0,-++,-1,36,000,112,1,000,112
0.5,0.01,3,hrsa_t0.5_e0.01#30,0.006684107756430111,9.383505199411404e-16,42,True,False,33.359,42,30,5,0,0,5,15,6,9,0,2 5 15 25 28,+++,-1,36,000,111,1,000,111
0.5,0.01,3,hrsa_t0.5_e0.01#292,0.007046337886297804,1.0151779607448792e-15,50,True,False,24.07,50,33,3,0,1,4,20,6,7,1,0 7 26,++-,-1,36,000,112,1,000,112
0.5,0.01,3,hrsa_t0.5_e0.01#127,0.00639684435880772,8.341368912717795e-16,44,True,False,23.015,44,31,5,0,1,6,16,6,9,1,0 7 12 19 24,--+,-1,36,000,122,1,000,121
0.5,0.01,3,hrsa_t0.5_e0.01#55,0.0068926477353962136,6.137354800558653e-16,46,True,False,27.465,46,33,3,0,1,4,17,7,9,1,0 5 28,++-,-1,36,000,122,1,000,121
0.5,0.01,3,hrsa_t0.5_e0.01#296,0.006937149265179369,8.623499257037046e-16,56,True,False,21.247,56,33,3,0,1,4,23,5,5,1,0 5 28,-+-,-1,36,000,112,1,000,112
0.5,0.01,3,hrsa_t0.5_e0.01#205,0.00592482957976356,9.977807230728754e-16,48,True,False,19.184,48,33,3,0,1,4,19,5,9,1,0 13 20,+-+,-1,36,000,121,1,000,122
0.5,0.01,3,hrsa_t0.5_e0.01#193,0.005917040078268787,7.832981144179973e-16,53,True,False,21.912,53,32,4,0,1,5,22,3,7,1,0 3 16 29,--+,1,36,000,122,1,000,121
0.5,0.01,3,hrsa_t0.5_e0.01#142,0.006445009979021387,7.179529314910046e-16,44,True,False,18.524,44,33,3,0,1,4,15,9,9,1,0 4 29,+--,-1,36,000,121,1,000,122
0.5,0.01,3,hrsa_t0.5_e0.01#171,0.006786346987324925,9.430695120197234e-16,55,True,False,18.111,55,33,2,0,0,2,23,5,5,0,15 18,---,1,36,000,111,1,000,111
0.5,0.01,3,hrsa_t0.5_e0.01#47,0.006482209849788813,7.496539209769619e-16,39,True,False,24.723,39,35,1,0,1,2,13,10,12,1,0,-+-,-1,36,000,112,1,000,112
0.5,0.01,3,hrsa_t0.5_e0.01#65,0.006407041150608756,8.70146671066368e-16,54,True,False,18.225,54,33,1,0,1,2,23,5,5,1,0,-+-,-1,34,000,122,1,000,121
0.5,0.01,3,hrsa_t0.5_e0.01#150,0.006582871724933995,7.442578906507385e-16,36,True,False,26.824,36,30,5,0,0,5,11,7,12,0,9 11 15 19 21,+++,-1,36,000,111,1,000,111
0.5,0.01,3,hrsa_t0.5_e0.01#111,0.007020401351330987,5.789408715167003e-16,50,True,False,25.634,50,33,3,0,1,4,19,7,7,1,0 6 27,-+-,-1,36,000,121,1,000,122
0.5,0.01,3,hrsa_t0.5_e0.01#132,0.006261199945653679,5.75486109097892e-16,46,True,False,26.28,46,35,1,0,1,2,17,9,9,1,0,+--,-1,36,000,121,1,000,122
0.5,0.01,3,hrsa_t0.5_e0.01#33,0.006522093337470321,9.531420667179653e-16,52,True,False,19.481,52,35,1,0,1,2,21,7,7,1,0,--+,-1,36,000,112,1,000,112
0.5,0.01,3,hrsa_t0.5_e0.01#246,0.006914792370048793,8.603534925270946e-16,50,True,False,22.506,50,29,5,0,1,6,19,5,5,1,0 4 10 19 25,-++,-1,34,000,121,1,000,122
0.5,0.01,3,hrsa_t0.5_e0.01#42,0.006984664193248947,8.321200653529385e-16,40,True,False,26.096,40,35,1,0,1,2,13,11,11,1,0,-+-,-1,36,000,122,1,000,121
0.5,0.01,3,hrsa_t0.5_e0.01#77,0.006560570722800242,1.107363948264593e-15,53,True,False,22.556,53,32,4,0,1,5,22,3,7,1,0 10 16 22,--+,1,36,000,122,1,000,121
0.5,0.01,3,hrsa_t0.5_e0.01#288,0.005870767831084264,8.736943543629713e-16,54,True,False,13.65,54,33,1,0,1,2,23,5,5,1,0,+--,-1,34,000,121,1,000,122
0.5,0.01,3,hrsa_t0.5_e0.01#299,0.006836149401089252,6.441296023148345e-16,42,True,False,21.508,42,31,5,0,1,6,14,8,9,1,0 5 11 20 26,++-,-1,36,000,112,1,000,112
0.5,0.01,3,hrsa_t0.5_e0.01#2,0.007025115415312436,7.498497024671441e-16,39,True,False,25.118,39,31,3,0,1,4,13,8,10,1,0 8 23,-++,-1,34,000,121,1,000,122
0.5,0.01,3,hrsa_t0.5_e0.01#38,0.006801720849404874,6.092544763431939e-16,44,True,False,35.586,44,31,5,0,1,6,15,7,9,1,0 3 5 26 28,+--,-1,36,000,122,1,000,121
0.5,0.01,3,hrsa_t0.5_e0.01#58,0.006478241323098433,1.1522545033762629e-15,39,True,False,35.095,39,30,6,0,1,7,12,8,10,1,0 3 10 15 20 27,+-+,1,36,000,112,1,000,112
0.5,0.01,3,hrsa_t0.5_e0.01#286,0.006138576014713171,8.830111795793891e-16,54,True,False,13.26,54,33,1,0,1,2,23,5,5,1,0,++-,-1,34,000,121,1,000,122
0.5,0.01,3,hrsa_t0.5_e0.01#294,0.0069474738767591445,1.1900487040169104e-15,49,True,False,22.866,49,31,4,0,0,4,19,5,7,0,9 14 17 22,---,1,36,000,111,1,000,111
0.5,0.01,3,hrsa_t0.5_e0.01#87,0.006791291718451193,9.18324654307295e-16,30,True,False,16.945,30,31,5,0,1,6,7,9,15,1,0 6 10 21 25,++-,-1,36,000,112,1,000,112
0.5,0.01,3,hrsa_t0.5_e0.01#40,0.0065966124068131,6.975464209269159e-16,40,True,False,31.714,40,35,1,0,1,2,13,11,11,1,0,--+,-1,36,000,121,1,000,122
0.5,0.01,3,hrsa_t0.5_e0.01#98,0.0067409349561583605,8.561430287202748e-16,42,True,False,28.389,42,31,3,0,1,4,15,7,9,1,0 7 24,+-+,-1,34,000,112,1,000,112
0.5,0.01,3,hrsa_t0.5_e0.01#291,0.007051448492524971,8.882732596317407e-16,43,True,False,28.037,43,33,2,0,0,2,15,9,9,0,7 26,+++,1,36,000,111,1,000,111
0.5,0.01,3,hrsa_t0.5_e0.01#264,0.00644084054005584,7.787274853276805e-16,53,True,False,20.841,53,32,4,0,1,5,21,5,6,1,0 8 16 24,++-,1,36,000,112,1,000,112
0.5,0.01,3,hrsa_t0.5_e0.01#281,0.0059559822920723,4.918402059415013e-16,56,True,False,15.134,56,31,1,0,1,2,25,3,3,1,0,+-+,-1,32,000,122,1,000,121
0.5,0.01,3,hrsa_t0.5_e0.01#15,0.006832491470542169,8.444916774787227e-16,34,True,False,30.272,34,31,5,0,1,6,9,9,13,1,0 11 14 17 20,-+-,-1,36,000,112,1,000,112
0.5,0.01,3,hrsa_t0.5_e0.01#182,0.006192455121070363,9.28814452447843e-16,50,True,False,20.256,50,31,5,0,1,6,19,5,7,1,0 2 14 17 29,-+-,-1,36,000,122,1,000,121
0.5,0.01,3,hrsa_t0.5_e0.01#113,0.007030343109278734,9.898052466829187e-16,53,True,False,18.802,53,33,3,0,1,4,23,2,8,1,0 3 30,-++,-1,36,000,121,1,000,122
0.5,0.01,3,hrsa_t0.5_e0.01#20,0.007017288602358507,6.801601612758255e-16,46,True,False,18.487,45,29,3,0,1,4,19,4,6,1,0 10 19,--+,-1,32,000,122,1,000,121
0.5,0.01,3,hrsa_t0.5_e0.01#295,0.006967836777088135,1.1340135841460545e-15,43,True,False,23.823,43,33,2,0,0,2,15,9,9,0,10 23,+++,1,36,000,111,1,000,111
0.5,0.01,3,hrsa_t0.5_e0.01#204,0.006746884546274933,8.48283279752831e-16,46,True,False,21.886,46,35,1,0,1,2,17,9,9,1,0,++-,-1,36,000,121,1,000,122
0.5,0.01,3,hrsa_t0.5_e0.01#45,0.006711307544603242,7.452433766179348e-16,52,True,False,11.916,52,31,5,0,1,6,21,3,7,1,0 2 6 25 29,--+,-1,36,000,112,1,000,112
0.5,0.01,3,hrsa_t0.5_e0.01#201,0.006160796324848073,7.079417780193402e-16,48,True,False,30.426,48,31,5,0,1,6,17,7,7,1,0 5 8 23 26,-++,-1,36,000,122,1,000,121
0.5,0.01,3,hrsa_t0.5_e0.01#224,0.006782814189211379,7.181716464800988e-16,42,True,False,27.259,42,32,3,0,0,3,15,7,10,0,11 16 21,+++,-1,36,000,111,1,000,111
0.5,0.01,3,hrsa_t0.5_e0.01#197,0.0065961988830075535,8.582575241117261e-16,44,True,False,15.676,44,31,5,0,1,6,15,7,9,1,0 5 7 24 26,++-,-1,36,000,122,1,000,121
0.5,0.01,3,hrsa_t0.5_e0.01#259,0.006612545542872743,9.57041229724563e-16,42,True,False,28.155,42,29,7,0,1,8,13,7,9,1,0 3 6 11 18 23 26,+--,-1,36,000,112,1,000,112
0.5,0.01,3,hrsa_t0.5_e0.01#94,0.006485612004552441,9.744100392465917e-16,48,True,False,15.637,48,31,5,0,1,6,17,7,7,1,0 2 4 27 29,--+,-1,36,000,112,1,000,112
0.5,0.01,3,hrsa_t0.5_e0.01#241,0.006177133941967448,6.161214435753382e-16,42,True,False,25.818,42,33,3,0,1,4,15,7,11,1,0 14 19,--+,-1,36,000,112,1,000,112
0.5,0.01,3,hrsa_t0.5_e0.01#269,0.006442745582514016,4.330365013391294e-16,52,True,False,23.194,52,35,1,0,1,2,21,7,7,1,0,-++,-1,36,000,122,1,000,121
1.0,0.01,3,hrsa_t1.0_e0.01#213,0.006814487572914947,8.532727289902583e-16,33,True,False,44.924,33,30,6,0,1,7,8,10,12,1,0 2 13 15 17 28,+--,1,36,000,112,1,000,112
1.0,0.01,3,hrsa_t1.0_e0.01#5,0.007034518519974166,7.517254109376156e-16,32,True,False,29.98,32,33,3,0,1,4,7,13,13,1,0 2 31,-+-,-1,36,000,112,1,000,112
1.0,0.01,3,hrsa_t1.0_e0.01#152,0.006278989034062097,7.636882261088104e-16,35,True,False,44.575,35,27,6,0,0,6,9,9,9,0,2 6 9 18 21 25,+++,1,34,000,111,1,000,111
1.0,0.01,3,hrsa_t1.0_e0.01#188,0.006408492082209154,5.64391184558759e-16,40,True,False,37.365,40,27,5,0,1,6,16,2,9,1,0 9 11 16 18,++-,-1,32,000,122,1,000,121
1.0,0.01,3,hrsa_t1.0_e0.01#99,0.006320458568061925,7.588399963349049e-16,52,True,False,29.672,52,33,3,0,1,4,21,5,7,1,0 2 31,-++,-1,36,000,112,1,000,112
1.0,0.01,3,hrsa_t1.0_e0.01#138,0.006497961322676752,5.939147321260733e-16,52,True,False,28.512,52,35,1,0,1,2,21,7,7,1,0,++-,-1,36,000,112,1,000,112
1.0,0.01,3,hrsa_t1.0_e0.01#289,0.006216307625346737,8.399821265846699e-16,58,True,False,30.419,58,33,3,0,1,4,25,3,5,1,0 3 30,+-+,-1,36,000,112,1,000,112
1.0,0.01,3,hrsa_t1.0_e0.01#223,0.005980681284591747,1.2201430658601895e-15,54,True,False,21.449,54,33,3,0,1,4,24,2,7,1,0 12 21,-++,-1,36,000,112,1,000,112
1.0,0.01,3,hrsa_t1.0_e0.01#82,0.006347678217764873,8.938142174547431e-16,48,True,False,29.611,48,34,1,0,0,1,20,6,8,0,17,---,-1,36,000,111,1,000,111
1.0,0.01,3,hrsa_t1.0_e0.01#191,0.00611920181832965,9.691756873188628e-16,33,True,False,26.446,32,32,4,0,1,5,9,10,13,1,0 10 16 22,+-+,1,36,000,112,1,000,112
1.0,0.01,3,hrsa_t1.0_e0.01#63,0.006837725973144414,6.886804477429858e-16,52,True,False,18.315,52,35,1,0,1,2,21,7,7,1,0,-++,-1,36,000,112,1,000,112
1.0,0.01,3,hrsa_t1.0_e0.01#221,0.0063865984991219055,8.921630319968073e-16,40,True,False,22.194,40,29,7,0,1,8,13,5,11,1,0 2 5 7 22 24 27,-++,-1,36,000,112,1,000,112
1.0,0.01,3,hrsa_t1.0_e0.01#133,0.0064388443184594316,8.333808104933661e-16,46,True,False,24.074,46,33,3,0,1,4,17,7,9,1,0 6 27,++-,-1,36,000,112,1,000,112
1.0,0.01,3,hrsa_t1.0_e0.01#89,0.006717419656297469,1.1108456224830962e-15,46,True,False,24.857,46,29,5,0,1,6,17,5,7,1,0 3 12 17 26,+-+,-1,34,000,121,1,000,122
1.0,0.01,3,hrsa_t1.0_e0.01#283,0.006593869983295154,8.80587551489865e-16,45,True,False,14.688,45,35,0,0,0,0,17,9,9,0,,+++,1,36,000,111,1,000,111
1.0,0.01,3,hrsa_t1.0_e0.01#95,0.0067860774240893745,7.375307480477462e-16,54,True,False,21.028,54,33,1,0,1,2,23,5,5,1,0,-+-,-1,34,000,112,1,000,112
1.0,0.01,3,hrsa_t1.0_e0.01#181,0.005924441871646769,7.49351648804667e-16,44,True,False,28.905,44,33,3,0,1,4,15,9,9,1,0 15 18,-++,-1,36,000,122,1,000,121
1.0,0.01,3,hrsa_t1.0_e0.01#46,0.006927833114335305,7.980623397301094e-16,54,True,False,7.777,54,33,3,0,1,4,23,3,7,1,0 2 31,--+,-1,36,000,121,1,000,122
1.0,0.01,3,hrsa_t1.0_e0.01#271,0.00660270626345969,1.0273152124185156e-15,40,True,False,23.508,40,33,3,0,1,4,13,9,11,1,0 5 28,-+-,-1,36,000,122,1,000,121
1.0,0.01,3,hrsa_t1.0_e0.01#211,0.006826548189743262,9.084930894261764e-16,51,True,False,27.873,51,35,0,0,0,0,21,7,7,0,,+++,1,36,000,111,1,000,111
1.0,0.01,3,hrsa_t1.0_e0.01#258,0.006555678673840985,1.0971333566864234e-15,61,True,False,16.102,61,34,2,0,1,3,27,3,4,1,0 17,-++,1,36,000,112,1,000,112
1.0,0.01,3,hrsa_t1.0_e0.01#85,0.00659793324791343,9.575056027499025e-16,44,True,False,23.707,44,33,3,0,1,4,15,9,9,1,0 2 31,+-+,-1,36,000,121,1,000,122
1.0,0.01,3,hrsa_t1.0_e0.01#75,0.006528291633472403,9.961882196518385e-16,37,True,False,23.702,37,31,4,0,0,4,11,9,11,0,5 12 19 26,---,1,36,000,111,1,000,111
1.0,0.01,3,hrsa_t1.0_e0.01#105,0.006906633595290063,1.0472729219082196e-15,30,True,False,15.327,30,29,6,0,0,6,7,10,12,0,2 5 11 18 24 27,+++,1,36,000,111,1,000,111
1.0,0.01,3,hrsa_t1.0_e0.01#39,0.006889609928615813,8.338658141149893e-16,38,True,False,17.584,38,33,3,0,1,4,12,10,11,1,0 12 21,-+-,-1,36,000,121,1,000,122
1.0,0.01,3,hrsa_t1.0_e0.01#97,0.006629141244812706,1.0535187187531137e-15,58,True,False,19.247,58,35,1,0,1,2,26,4,5,1,0,+-+,-1,36,000,112,1,000,112
1.0,0.01,3,hrsa_t1.0_e0.01#174,0.006455075831311572,8.539224299038377e-16,42,True,False,20.839,42,31,5,0,1,6,13,9,9,1,0 2 4 27 29,-++,-1,36,000,121,1,000,122
1.0,0.01,3,hrsa_t1.0_e0.01#164,0.005968241823971143,8.176839928271787e-16,41,True,False,18.223,41,34,2,0,1,3,14,9,11,1,0 17,-++,1,36,000,112,1,000,112
1.0,0.01,3,hrsa_t1.0_e0.01#12,0.006906274086781453,7.307604747626064e-16,45,True,False,23.524,45,30,6,0,1,7,16,6,8,1,0 4 13 15 17 26,-+-,1,36,000,122,1,000,121
1.0,0.01,3,hrsa_t1.0_e0.01#234,0.006577372660565831,1.0694246369009119e-15,40,True,False,23.945,40,35,1,0,1,2,13,11,11,1,0,-++,-1,36,000,112,1,000,112
1.0,0.01,3,hrsa_t1.0_e0.01#173,0.006114423681064519,7.054064695193977e-16,34,True,False,24.122,34,35,1,0,1,2,9,13,13,1,0,-++,-1,36,000,121,1,000,122
1.0,0.01,3,hrsa_t1.0_e0.01#13,0.006793461524291858,3.622218342695692e-16,56,True,False,15.639,56,33,3,0,1,4,23,5,5,1,0 9 24,-+-,-1,36,000,121,1,000,122
1.0,0.01,3,hrsa_t1.0_e0.01#261,0.006310530899654126,1.0574954759083378e-15,51,True,False,25.73,51,35,0,0,0,0,22,6,7,0,,---,1,36,000,111,1,000,111
1.0,0.01,3,hrsa_t1.0_e0.01#212,0.006614990415484281,7.558262293022644e-16,42,True,False,26.06,42,31,5,0,1,6,13,9,9,1,0 2 9 22 29,++-,-1,36,000,112,1,000,112
1.0,0.01,3,hrsa_t1.0_e0.01#1,0.006948115385383105,9.080033964809447e-16,50,True,False,20.444,50,31,5,0,1,6,19,5,7,1,0 3 5 26 28,+--,-1,36,000,112,1,000,112
1.0,0.01,3,hrsa_t1.0_e0.01#3,0.007050178285003814,7.447972602612566e-16,57,True,False,17.828,57,35,0,0,0,0,25,5,5,0,,+++,1,36,000,111,1,000,111
1.0,0.01,3,hrsa_t1.0_e0.01#83,0.006627761442077279,8.8785918042793e-16,52,True,False,22.495,52,35,1,0,1,2,21,7,7,1,0,--+,-1,36,000,121,1,000,122
1.0,0.01,3,hrsa_t1.0_e0.01#91,0.006791048907190639,9.32146117068465e-16,45,True,False,19.49,45,32,2,0,1,3,17,7,8,1,0 16,+-+,1,34,000,122,1,000,121
1.0,0.01,3,hrsa_t1.0_e0.01#146,0.006731571107870114,8.797362992206741e-16,51,True,False,22.866,51,32,2,0,1,3,21,5,6,1,0 16,+-+,1,34,000,121,1,000,122
1.0,0.01,3,hrsa_t1.0_e0.01#50,0.006887391017736815,8.978661653615224e-16,45,True,False,21.117,45,31,4,0,0,4,17,5,9,0,4 8 23 27,+++,1,36,000,111,1,000,111
1.0,0.01,3,hrsa_t1.0_e0.01#266,0.00593542014245543,9.148451245940498e-16,49,True,False,33.188,49,29,6,0,0,6,20,2,7,0,2 10 12 17 19 27,---,1,36,000,111,1,000,111
1.0,0.01,3,hrsa_t1.0_e0.01#54,0.006688641979223681,8.832654016121819e-16,46,True,False,39.241,46,35,1,0,1,2,17,9,9,1,0,-++,-1,36,000,112,1,000,112
1.0,0.01,3,hrsa_t1.0_e0.01#93,0.006590448799376001,6.757723024960884e-16,54,True,False,32.596,54,33,1,0,1,2,24,4,5,1,0,-++,-1,34,000,122,1,000,121
1.0,0.01,3,hrsa_t1.0_e0.01#192,0.006093091665692976,7.549433834046333e-16,44,True,False,39.832,44,33,3,0,1,4,15,9,9,1,0 13 20,++-,-1,36,000,112,1,000,112
1.0,0.01,3,hrsa_t1.0_e0.01#119,0.006461868795195798,7.18769436815918e-16,42,True,False,23.915,42,31,5,0,1,6,14,8,9,1,0 10 13 18 21,++-,-1,36,000,121,1,000,122
1.0,0.01,3,hrsa_t1.0_e0.01#245,0.006208137453619528,1.1246873611746417e-15,43,True,False,18.481,43,29,7,0,1,8,15,4,10,1,0 3 8 10 19 21 26,+--,-1,36,000,112,1,000,112
1.0,0.01,3,hrsa_t1.0_e0.01#134,0.006196163365975715,5.462954332703715e-16,44,True,False,22.002,44,33,3,0,1,4,15,9,9,1,0 15 18,++-,-1,36,000,112,1,000,112
1.0,0.01,3,hrsa_t1.0_e0.01#297,0.0063495078638255,1.0331534189717727e-15,47,True,False,22.83,47,32,4,0,1,5,17,7,8,1,0 3 16 29,+--,1,36,000,122,1,000,121
1.0,0.01,3,hrsa_t1.0_e0.01#285,0.006420534171427229,1.104476080467512e-15,51,True,False,34.627,51,35,0,0,0,0,21,7,7,0,,+++,1,36,000,111,1,000,111
1.0,0.01,3,hrsa_t1.0_e0.01#233,0.0066203154118778555,8.740585480856266e-16,63,True,False,23.457,63,35,0,0,0,0,29,3,3,0,,+++,1,36,000,111,1,000,111
1.0,0.01,3,hrsa_t1.0_e0.01#280,0.006432804374935841,7.350069151883161e-16,38,True,False,42.459,38,29,7,0,1,8,11,7,11,1,0 2 8 13 16 21 27,+--,-1,36,000,121,1,000,122
1.0,0.01,3,hrsa_t1.0_e0.01#84,0.006626888364914509,9.635558245309863e-16,44,True,False,28.881,44,33,3,0,1,4,16,8,9,1,0 10 23,--+,-1,36,000,121,1,000,122
1.0,0.01,3,hrsa_t1.0_e0.01#206,0.006689970307312076,5.945247994098568e-16,44,True,False,37.911,44,33,3,0,1,4,15,9,9,1,0 14 19,-+-,-1,36,000,112,1,000,112
1.0,0.01,3,hrsa_t1.0_e0.01#10,0.006886932561884043,1.0661419016037198e-15,42,True,False,26.625,42,31,5,0,1,6,13,9,9,1,0 2 4 27 29,-+-,-1,36,000,122,1,000,121
1.0,0.01,3,hrsa_t1.0_e0.01#59,0.007010804998991157,9.691045791807236e-16,56,True,False,24.067,56,33,3,0,1,4,23,5,5,1,0 14 19,-+-,-1,36,000,112,1,000,112
1.0,0.01,3,hrsa_t1.0_e0.01#30,0.006843313670776952,9.015565106671166e-16,50,True,False,26.757,50,33,3,0,1,4,19,7,7,1,0 7 26,+-+,-1,36,000,112,1,000,112
1.0,0.01,3,hrsa_t1.0_e0.01#292,0.006679796297168381,9.597418531773607e-16,50,True,False,34.455,50,35,0,0,0,0,21,6,8,0,,+++,1,36,000,111,1,000,111
1.0,0.01,3,hrsa_t1.0_e0.01#127,0.006184832138062144,1.065780091994942e-15,44,True,False,27.676,44,31,5,0,1,6,16,6,9,1,0 3 11 20 28,-++,-1,36,000,122,1,000,121
1.0,0.01,3,hrsa_t1.0_e0.01#55,0.0066319092359589955,6.832410599743335e-16,40,True,False,29.572,40,32,3,0,0,3,14,8,10,0,4 16 28,---,-1,36,000,111,1,000,111
1.0,0.01,3,hrsa_t1.0_e0.01#296,0.006480490652069855,1.224697838039357e-15,47,True,False,28.054,47,32,4,0,1,5,18,5,9,1,0 12 16 20,+--,1,36,000,122,1,000,121
1.0,0.01,3,hrsa_t1.0_e0.01#205,0.00668386862520878,7.042435211404516e-16,39,True,False,34.3,39,35,0,0,0,0,13,11,11,0,,+++,1,36,000,111,1,000,111
1.0,0.01,3,hrsa_t1.0_e0.01#193,0.006074595724514926,8.715312761050969e-16,40,True,False,22.393,40,35,1,0,1,2,13,11,11,1,0,-+-,-1,36,000,112,1,000,112
1.0,0.01,3,hrsa_t1.0_e0.01#142,0.0068928234861470525,6.836863646674109e-16,54,True,False,20.346,54,33,1,0,1,2,23,5,5,1,0,++-,-1,34,000,112,1,000,112
1.0,0.01,3,hrsa_t1.0_e0.01#171,0.006442351626259364,9.222087146750829e-16,38,True,False,27.948,38,33,3,0,1,4,11,11,11,1,0 2 31,--+,-1,36,000,121,1,000,122
1.0,0.01,3,hrsa_t1.0_e0.01#47,0.0069086379448110415,9.354534965607952e-16,55,True,False,16.096,55,34,2,0,1,3,23,5,6,1,0 17,+-+,1,36,000,122,1,000,121
1.0,0.01,3,hrsa_t1.0_e0.01#65,0.006640113440124265,5.126371788559352e-16,44,True,False,21.075,44,33,3,0,1,4,15,9,9,1,0 11 22,--+,-1,36,000,112,1,000,112
1.0,0.01,3,hrsa_t1.0_e0.01#150,0.006392819098998981,6.166267019417802e-16,40,True,False,31.063,40,31,3,0,1,4,14,8,9,1,0 11 20,++-,-1,34,000,112,1,000,112
1.0,0.01,3,hrsa_t1.0_e0.01#111,0.0065493442729394205,8.012181360447893e-16,40,True,False,24.994,40,31,3,0,1,4,13,9,9,1,0 3 28,--+,-1,34,000,112,1,000,112
1.0,0.01,3,hrsa_t1.0_e0.01#132,0.006256834648202527,7.21612775524139e-16,38,True,False,21.744,38,31,5,0,1,6,11,9,11,1,0 4 10 21 27,++-,-1,36,000,112,1,000,112
1.0,0.01,3,hrsa_t1.0_e0.01#33,0.006802067032855718,1.0447842092779763e-15,41,True,False,31.424,41,29,6,0,0,6,13,7,9,0,2 5 9 20 24 27,+++,1,36,000,111,1,000,111
1.0,0.01,3,hrsa_t1.0_e0.01#246,0.006094993571104325,1.0266561816032842e-15,48,True,False,21.863,48,31,5,0,1,6,17,7,7,1,0 9 13 18 22,++-,-1,36,000,112,1,000,112
1.0,0.01,3,hrsa_t1.0_e0.01#42,0.006924793682085299,7.981692641155994e-16,36,True,False,25.93,36,31,5,0,1,6,9,11,11,1,0 2 6 25 29,-+-,-1,36,000,121,1,000,122
1.0,0.01,3,hrsa_t1.0_e0.01#77,0.006551976716911333,1.0878862131081586e-15,51,True,False,21.555,51,33,2,0,0,2,21,5,7,0,14 19,+++,1,36,000,111,1,000,111
1.0,0.01,3,hrsa_t1.0_e0.01#288,0.006514545439152374,6.482021595702553e-16,38,True,False,25.913,38,33,3,0,1,4,11,11,11,1,0 10 23,++-,-1,36,000,112,1,000,112
1.0,0.01,3,hrsa_t1.0_e0.01#299,0.006541909782596568,9.708629347048365e-16,46,True,False,18.137,46,35,1,0,1,2,17,9,9,1,0,-++,-1,36,000,121,1,000,122
1.0,0.01,3,hrsa_t1.0_e0.01#2,0.006973617835199815,8.276832966024503e-16,43,True,False,33.886,43,31,5,0,1,6,15,6,10,1,0 7 13 18 24,--+,-1,36,000,112,1,000,112
1.0,0.01,3,hrsa_t1.0_e0.01#38,0.006803296394878615,8.934188868521902e-16,49,True,False,25.481,49,33,2,0,0,2,19,7,7,0,3 30,+++,1,36,000,111,1,000,111
1.0,0.01,3,hrsa_t1.0_e0.01#58,0.006964744531029845,7.699400118498475e-16,52,True,False,23.34,52,35,1,0,1,2,21,7,7,1,0,++-,-1,36,000,112,1,000,112
1.0,0.01,3,hrsa_t1.0_e0.01#286,0.006709238149781167,9.355046835496316e-16,39,True,False,36.673,39,35,1,0,1,2,13,10,12,1,0,++-,-1,36,000,112,1,000,112
1.0,0.01,3,hrsa_t1.0_e0.01#294,0.0068595022847252165,8.270729363156179e-16,40,True,False,50.116,40,35,1,0,1,2,13,11,11,1,0,-+-,-1,36,000,112,1,000,112
1.0,0.01,3,hrsa_t1.0_e0.01#87,0.006491687598720132,1.0232933485376778e-15,50,True,False,17.934,50,31,5,0,1,6,19,5,7,1,0 4 11 20 27,+--,-1,36,000,121,1,000,122
1.0,0.01,3,hrsa_t1.0_e0.01#40,0.006914551317590634,8.03237195554818e-16,45,True,False,22.49,45,30,6,0,1,7,15,7,8,1,0 5 8 15 22 25,-++,1,36,000,121,1,000,122
1.0,0.01,3,hrsa_t1.0_e0.01#98,0.006389947737340386,1.0708235825269067e-15,52,True,False,19.19,52,35,1,0,1,2,21,7,7,1,0,+-+,-1,36,000,112,1,000,112
1.0,0.01,3,hrsa_t1.0_e0.01#291,0.006851263847740634,8.516475138379996e-16,64,True,False,11.048,64,35,1,0,1,2,29,3,3,1,0,+-+,-1,36,000,112,1,000,112
1.0,0.01,3,hrsa_t1.0_e0.01#264,0.0065061755526683385,1.1691027370002524e-15,39,True,False,31.88,39,35,0,0,0,0,14,10,11,0,,---,1,36,000,111,1,000,111
1.0,0.01,3,hrsa_t1.0_e0.01#281,0.006150159081909691,1.0397398778943433e-15,44,True,False,17.81,44,33,3,0,1,4,16,8,9,1,0 12 21,-++,-1,36,000,121,1,000,122
1.0,0.01,3,hrsa_t1.0_e0.01#15,0.006646056595640449,8.9020724891953e-16,41,True,False,32.765,41,32,4,0,1,5,13,9,10,1,0 10 16 22,--+,1,36,000,112,1,000,112
1.0,0.01,3,hrsa_t1.0_e0.01#182,0.005908601384018992,9.123730122728147e-16,52,True,False,24.114,52,35,1,0,1,2,21,7,7,1,0,-+-,-1,36,000,122,1,000,121
1.0,0.01,3,hrsa_t1.0_e0.01#113,0.006415826524427862,8.439150538964822e-16,42,True,False,32.386,42,33,1,0,1,2,16,8,9,1,0,+--,-1,34,000,122,1,000,121
1.0,0.01,3,hrsa_t1.0_e0.01#20,0.006567106053060334,6.341966914722184e-16,41,True,False,21.081,41,29,6,0,0,6,13,7,9,0,5 9 13 16 20 24,---,1,36,000,111,1,000,111
1.0,0.01,3,hrsa_t1.0_e0.01#295,0.005629650141490424,7.685803320369239e-16,30,True,False,17.63,30,31,5,0,1,6,5,13,13,1,0 10 12 19 21,++-,-1,36,000,112,1,000,112
1.0,0.01,3,hrsa_t1.0_e0.01#204,0.006669203200181739,7.535009685533002e-16,37,True,False,36.896,37,33,2,0,0,2,11,11,11,0,3 30,---,1,36,000,111,1,000,111
1.0,0.01,3,hrsa_t1.0_e0.01#45,0.006775470894787302,8.106830433343139e-16,40,True,False,34.052,40,31,5,0,1,6,14,6,11,1,0 4 13 18 27,--+,-1,36,000,121,1,000,122
1.0,0.01,3,hrsa_t1.0_e0.01#201,0.0059626350525484135,1.0733548874515246e-15,36,True,False,30.168,36,30,5,0,0,5,10,9,11,0,2 11 15 19 28,---,-1,36,000,111,1,000,111
1.0,0.01,3,hrsa_t1.0_e0.01#224,0.006170522424006212,5.776183647233881e-16,29,True,False,27.48,29,32,4,0,1,5,5,13,14,1,0 5 16 27,-+-,1,36,000,122,1,000,121
1.0,0.01,3,hrsa_t1.0_e0.01#197,0.006032397534834362,8.420209011869421e-16,43,True,False,25.913,43,31,4,0,0,4,15,7,9,0,3 13 18 28,---,1,36,000,111,1,000,111
1.0,0.01,3,hrsa_t1.0_e0.01#259,0.006518983689977577,7.685108763454402e-16,45,True,False,23.755,45,35,1,0,1,2,17,8,10,1,0,-+-,-1,36,000,112,1,000,112
1.0,0.01,3,hrsa_t1.0_e0.01#94,0.006795428298065632,8.84714184460716e-16,47,True,False,25.335,47,33,0,0,0,0,19,7,7,0,,---,1,34,000,111,1,000,111
1.0,0.01,3,hrsa_t1.0_e0.01#241,0.00676881633150633,1.0459773716262282e-15,33,True,False,26.462,33,29,6,0,0,6,8,10,11,0,6 8 13 16 21 23,+++,1,36,000,111,1,000,111
1.0,0.01,3,hrsa_t1.0_e0.01#269,0.006407166460056877,9.032597779558966e-16,56,True,False,18.968,56,33,3,0,1,4,23,5,5,1,0 11 22,-++,-1,36,000,112,1,000,112
1.7,0.01,3,hrsa_t1.7_e0.01#213,0.006511732134997592,6.776438288957273e-16,47,True,False,22.116,47,31,4,0,0,4,18,6,7,0,11 13 18 20,---,1,36,000,111,1,000,111
1.7,0.01,3,hrsa_t1.7_e0.01#5,0.007004308644860615,5.360400077418165e-16,64,True,False,12.789,64,35,1,0,1,2,29,3,3,1,0,+--,-1,36,000,121,1,000,122
1.7,0.01,3,hrsa_t1.7_e0.01#152,0.006066892630405242,7.892429635060326e-16,44,True,False,22.496,44,33,3,0,1,4,16,8,9,1,0 13 20,+--,-1,36,000,121,1,000,122
1.7,0.01,3,hrsa_t1.7_e0.01#188,0.0060289598761952634,1.1212070892831379e-15,52,True,False,23.22,52,33,3,0,1,4,22,4,7,1,0 5 28,++-,-1,36,000,112,1,000,112
1.7,0.01,3,hrsa_t1.7_e0.01#99,0.006229995246235825,7.797635135595602e-16,47,True,False,26.302,47,33,2,0,0,2,20,4,9,0,9 24,+++,1,36,000,111,1,000,111
1.7,0.01,3,hrsa_t1.7_e0.01#138,0.006774584489092192,5.240441494685539e-16,43,True,False,22.312,43,30,4,0,1,5,16,5,9,1,0 9 15 21,--+,1,34,000,112,1,000,112
1.7,0.01,3,hrsa_t1.7_e0.01#289,0.006247994282597358,8.877809081870593e-16,48,True,False,24.498,48,31,5,0,1,6,18,6,7,1,0 3 6 25 28,--+,-1,36,000,112,1,000,112
1.7,0.01,3,hrsa_t1.7_e0.01#223,0.006367770004524625,3.6203295438889904e-16,54,True,False,22.13,54,32,3,0,0,3,23,3,6,0,7 16 25,---,-1,36,000,111,1,000,111
1.7,0.01,3,hrsa_t1.7_e0.01#82,0.006353521049945422,9.547681226097602e-16,43,True,False,25.136,43,30,6,0,1,7,15,6,9,1,0 4 9 15 21 26,+-+,1,36,000,122,1,000,121
1.7,0.01,3,hrsa_t1.7_e0.01#191,0.007033625890540887,9.347840715230007e-16,37,True,False,29.256,37,29,6,0,0,6,12,6,11,0,2 8 13 16 21 27,---,1,36,000,111,1,000,111
1.7,0.01,3,hrsa_t1.7_e0.01#63,0.0065947770629996025,4.729930358450404e-16,48,True,False,25.042,48,33,1,0,1,2,19,7,7,1,0,++-,-1,34,000,122,1,000,121
1.7,0.01,3,hrsa_t1.7_e0.01#221,0.006434986142509989,7.012494386997532e-16,41,True,False,26.372,41,33,2,0,0,2,15,7,11,0,7 26,---,1,36,000,111,1,000,111
1.7,0.01,3,hrsa_t1.7_e0.01#133,0.005817134435689313,6.390510325805816e-16,51,True,False,22.769,51,35,0,0,0,0,21,7,7,0,,---,1,36,000,111,1,000,111
1.7,0.01,3,hrsa_t1.7_e0.01#89,0.0063611683286057185,1.1085827444144055e-15,38,True,False,20.216,38,32,3,0,0,3,13,8,11,0,9 16 23,+++,-1,36,000,111,1,000,111
1.7,0.01,3,hrsa_t1.7_e0.01#283,0.0062304746315220115,6.492785278545353e-16,45,True,False,24.019,45,31,4,0,0,4,17,5,9,0,4 13 18 27,---,1,36,000,111,1,000,111
1.7,0.01,3,hrsa_t1.7_e0.01#95,0.006944491053908772,4.65380531392886e-16,57,True,False,17.297,57,35,0,0,0,0,25,5,5,0,,---,1,36,000,111,1,000,111
1.7,0.01,3,hrsa_t1.7_e0.01#181,0.006706884185062444,7.689811228650407e-16,38,True,False,44.221,38,33,3,0,1,4,11,11,11,1,0 3 30,--+,-1,36,000,112,1,000,112
1.7,0.01,3,hrsa_t1.7_e0.01#46,0.006507747784350808,5.163913861988534e-16,52,True,False,22.346,52,33,3,0,1,4,21,5,7,1,0 14 19,-+-,-1,36,000,122,1,000,121
1.7,0.01,3,hrsa_t1.7_e0.01#271,0.006357082204837193,9.397777116670196e-16,41,True,False,26.225,41,33,0,0,0,0,15,9,9,0,,+++,1,34,000,111,1,000,111
1.7,0.01,3,hrsa_t1.7_e0.01#211,0.006075182922130932,4.524480249338073e-16,52,True,False,28.606,52,35,1,0,1,2,22,6,7,1,0,+-+,-1,36,000,122,1,000,121
1.7,0.01,3,hrsa_t1.7_e0.01#258,0.006832644131293125,5.852608893581194e-16,41,True,False,45.502,41,33,0,0,0,0,16,8,9,0,,+++,1,34,000,111,1,000,111
1.7,0.01,3,hrsa_t1.7_e0.01#85,0.006431467358141603,5.985681252100177e-16,54,True,False,23.808,54,33,1,0,1,2,23,5,5,1,0,++-,-1,34,000,112,1,000,112
1.7,0.01,3,hrsa_t1.7_e0.01#75,0.006327555647736699,1.0705663436945991e-15,36,True,False,16.265,36,33,1,0,1,2,11,11,11,1,0,++-,-1,34,000,121,1,000,122
1.7,0.01,3,hrsa_t1.7_e0.01#105,0.0065341163177859984,7.366220321112373e-16,54,True,False,14.449,54,31,5,0,1,6,22,4,5,1,0 2 10 21 29,+--,-1,36,000,121,1,000,122
1.7,0.01,3,hrsa_t1.7_e0.01#39,0.006463787735798648,3.68626727103219e-16,54,True,False,20.1,53,33,3,0,1,4,23,4,6,1,0 4 29,+-+,-1,36,000,121,1,000,122
1.7,0.01,3,hrsa_t1.7_e0.01#97,0.006365325391933113,9.508528870433098e-16,49,True,False,30.516,49,33,2,0,0,2,20,6,7,0,7 26,+++,1,36,000,111,1,000,111
1.7,0.01,3,hrsa_t1.7_e0.01#174,0.005875069669794248,7.308811865416955e-16,56,True,False,16.223,56,31,5,0,1,6,24,2,5,1,0 4 6 25 27,++-,-1,36,000,121,1,000,122
1.7,0.01,3,hrsa_t1.7_e0.01#164,0.006502519920249934,8.475661709766551e-16,30,True,False,18.199,30,27,9,0,1,10,6,8,13,1,0 2 4 6 11 16 21 23 25,--+,-1,36,000,121,1,000,122
1.7,0.01,3,hrsa_t1.7_e0.01#12,0.006719800615939125,1.0593949850175326e-15,48,True,False,27.729,48,31,4,0,0,4,19,4,8,0,4 12 19 27,+++,1,36,000,111,1,000,111
1.7,0.01,3,hrsa_t1.7_e0.01#234,0.006499889979538243,9.154267773579815e-16,50,True,False,23.674,50,33,3,0,1,4,20,6,7,1,0 8 25,--+,-1,36,000,121,1,000,122
1.7,0.01,3,hrsa_t1.7_e0.01#173,0.005940896019875485,1.0708856782919394e-15,38,True,False,34.123,38,33,3,0,1,4,12,10,11,1,0 10 23,+--,-1,36,000,122,1,000,121
1.7,0.01,3,hrsa_t1.7_e0.01#13,0.006757614589465072,1.0861426845923789e-15,42,True,False,21.996,42,31,4,0,0,4,15,6,10,0,5 9 22 26,+++,1,36,000,111,1,000,111
1.7,0.01,3,hrsa_t1.7_e0.01#261,0.006808975665237966,1.0178061960020706e-15,40,True,False,30.81,40,28,5,0,0,5,14,5,9,0,4 8 14 20 24,---,-1,34,000,111,1,000,111
1.7,0.01,3,hrsa_t1.7_e0.01#212,0.006513008229988268,7.329566449679949e-16,39,True,False,33.991,39,35,0,0,0,0,14,10,11,0,,---,1,36,000,111,1,000,111
1.7,0.01,3,hrsa_t1.7_e0.01#1,0.006843713142873882,7.778950513473694e-16,59,True,False,12.787,59,33,0,0,0,0,28,2,3,0,,+++,1,34,000,111,1,000,111
1.7,0.01,3,hrsa_t1.7_e0.01#3,0.006855684635442729,8.151594792677331e-16,37,True,False,39.8,37,31,0,0,0,0,13,9,9,0,,---,1,32,000,111,1,000,111
1.7,0.01,3,hrsa_t1.7_e0.01#83,0.006759630573607639,8.2500231262143e-16,47,True,False,23.769,47,32,4,0,1,5,18,6,8,1,0 5 16 27,+--,1,36,000,122,1,000,121
1.7,0.01,3,hrsa_t1.7_e0.01#91,0.006506461964049804,8.399492493558802e-16,50,True,False,33.366,50,33,3,0,1,4,19,7,7,1,0 6 27,+--,-1,36,000,121,1,000,122
1.7,0.01,3,hrsa_t1.7_e0.01#146,0.006336255537426802,7.639350052104838e-16,45,True,False,37.529,45,35,0,0,0,0,17,9,9,0,,+++,1,36,000,111,1,000,111
1.7,0.01,3,hrsa_t1.7_e0.01#50,0.006559655827606732,8.377666222402995e-16,49,True,False,39.221,49,34,2,0,1,3,19,7,8,1,0 17,-+-,1,36,000,122,1,000,121
1.7,0.01,3,hrsa_t1.7_e0.01#266,0.0066242724637161415,9.572774078700406e-16,46,True,False,25.046,46,31,3,0,1,4,17,7,7,1,0 6 25,+--,-1,34,000,122,1,000,121
1.7,0.01,3,hrsa_t1.7_e0.01#54,0.006860973098085725,8.672972423774694e-16,39,True,False,23.694,39,33,2,0,0,2,13,9,11,0,10 23,+++,1,36,000,111,1,000,111
1.7,0.01,3,hrsa_t1.7_e0.01#93,0.006814105081525654,6.640344394436724e-16,57,True,False,19.135,57,35,0,0,0,0,25,5,5,0,,+++,1,36,000,111,1,000,111
1.7,0.01,3,hrsa_t1.7_e0.01#192,0.006344613381869187,8.633916025210738e-16,58,True,False,20.204,58,35,1,0,1,2,25,5,5,1,0,+-+,-1,36,000,112,1,000,112
1.7,0.01,3,hrsa_t1.7_e0.01#119,0.006134615110419638,1.0649254833000664e-15,37,True,False,29.842,37,33,2,0,0,2,11,11,11,0,14 19,---,1,36,000,111,1,000,111
1.7,0.01,3,hrsa_t1.7_e0.01#245,0.005723720556044398,6.333608187126856e-16,28,True,False,30.47,28,27,7,0,1,8,5,9,13,1,0 2 5 12 15 22 25,+-+,-1,34,000,112,1,000,112
1.7,0.01,3,hrsa_t1.7_e0.01#134,0.0058090354325889175,7.782934054054849e-16,34,True,False,24.382,34,33,3,0,1,4,10,10,13,1,0 4 29,-++,-1,36,000,112,1,000,112
1.7,0.01,3,hrsa_t1.7_e0.01#297,0.006479227360608507,7.099600174971102e-16,38,True,False,30.287,38,33,3,0,1,4,11,11,11,1,0 13 20,++-,-1,36,000,121,1,000,122
1.7,0.01,3,hrsa_t1.7_e0.01#285,0.006191640612603398,9.660269145248774e-16,49,True,False,22.242,49,33,2,0,0,2,19,7,7,0,12 21,+++,1,36,000,111,1,000,111
1.7,0.01,3,hrsa_t1.7_e0.01#233,0.006662524524443942,7.362002857030748e-16,44,True,False,21.317,44,31,5,0,1,6,16,6,9,1,0 4 13 18 27,--+,-1,36,000,122,1,000,121
1.7,0.01,3,hrsa_t1.7_e0.01#280,0.005713336692111015,7.661252675903851e-16,34,True,False,22.221,33,27,7,0,1,8,9,8,10,1,0 7 10 12 15 17 20,-+-,-1,34,000,122,1,000,121
1.7,0.01,3,hrsa_t1.7_e0.01#84,0.0069252375251192665,2.741297498831502e-16,40,True,False,26.375,40,31,3,0,1,4,13,9,9,1,0 3 28,-++,-1,34,000,121,1,000,122
1.7,0.01,3,hrsa_t1.7_e0.01#206,0.006198811924985816,7.752108923900041e-16,39,True,False,27.604,39,35,1,0,1,2,13,10,12,1,0,-+-,-1,36,000,122,1,000,121
1.7,0.01,3,hrsa_t1.7_e0.01#10,0.006746427950802444,1.1438293400649597e-15,45,True,False,22.799,45,31,4,0,0,4,17,5,9,0,11 14 17 20,---,1,36,000,111,1,000,111
1.7,0.01,3,hrsa_t1.7_e0.01#59,0.006664517668249548,9.633504307867094e-16,46,True,False,28.979,46,31,3,0,1,4,17,7,7,1,0 14 17,++-,-1,34,000,122,1,000,121
1.7,0.01,3,hrsa_t1.7_e0.01#30,0.006632943413641111,6.988656393828994e-16,49,True,False,28.744,49,34,2,0,1,3,19,7,8,1,0 17,+-+,1,36,000,121,1,000,122
1.7,0.01,3,hrsa_t1.7_e0.01#292,0.006177215385827094,9.772741772332367e-16,45,True,False,22.673,45,32,4,0,1,5,16,7,9,1,0 5 16 27,+--,1,36,000,112,1,000,112
1.7,0.01,3,hrsa_t1.7_e0.01#127,0.006271728802970996,8.84081348515931e-16,63,True,False,15.515,63,35,0,0,0,0,30,2,3,0,,+++,1,36,000,111,1,000,111
1.7,0.01,3,hrsa_t1.7_e0.01#55,0.006598364909810149,8.884983504214821e-16,43,True,False,18.934,43,33,2,0,0,2,15,9,9,0,6 27,+++,1,36,000,111,1,000,111
1.7,0.01,3,hrsa_t1.7_e0.01#296,0.00637073616535687,1.0758090197350974e-15,46,True,False,29.675,46,33,3,0,1,4,18,6,9,1,0 15 18,-+-,-1,36,000,121,1,000,122
1.7,0.01,3,hrsa_t1.7_e0.01#205,0.005808917013747382,5.999887976079224e-16,52,True,False,19.344,52,33,3,0,1,4,21,5,7,1,0 14 19,+--,-1,36,000,122,1,000,121
1.7,0.01,3,hrsa_t1.7_e0.01#193,0.006501369532506513,8.544379021947684e-16,52,True,False,32.595,52,33,3,0,1,4,21,5,7,1,0 7 26,--+,-1,36,000,112,1,000,112
1.7,0.01,3,hrsa_t1.7_e0.01#142,0.005859809555684864,5.912233680227244e-16,42,True,False,41.851,42,29,3,0,1,4,15,7,7,1,0 7 22,++-,-1,32,000,112,1,000,112
1.7,0.01,3,hrsa_t1.7_e0.01#171,0.006021059304914992,6.069129192587313e-16,34,True,False,37.043,34,31,5,0,1,6,9,9,13,1,0 5 12 19 26,--+,-1,36,000,121,1,000,122
1.7,0.01,3,hrsa_t1.7_e0.01#47,0.006554706553579239,9.43421297535257e-16,55,True,False,33.168,55,34,2,0,1,3,23,5,6,1,0 17,-+-,1,36,000,122,1,000,121
1.7,0.01,3,hrsa_t1.7_e0.01#65,0.0065942206544011795,8.964741019731165e-16,37,True,False,26.941,37,30,4,0,1,5,11,9,10,1,0 10 15 20,--+,1,34,000,112,1,000,112
1.7,0.01,3,hrsa_t1.7_e0.01#150,0.006209546046680758,9.227805675212502e-16,49,True,False,20.576,49,31,5,0,1,6,19,4,8,1,0 10 13 18 21,-++,-1,36,000,121,1,000,122
1.7,0.01,3,hrsa_t1.7_e0.01#111,0.006756258829917258,6.25835862545095e-16,46,True,False,20.431,46,35,1,0,1,2,17,9,9,1,0,+--,-1,36,000,122,1,000,121
1.7,0.01,3,hrsa_t1.7_e0.01#132,0.005814047897269158,7.329309453391881e-16,43,True,False,27.878,43,33,2,0,0,2,15,9,9,0,15 18,+++,1,36,000,111,1,000,111
1.7,0.01,3,hrsa_t1.7_e0.01#33,0.006614662663921328,1.0041314617922546e-15,42,True,False,24.982,42,31,5,0,1,6,13,9,9,1,0 8 13 18 23,++-,-1,36,000,112,1,000,112
1.7,0.01,3,hrsa_t1.7_e0.01#246,0.005614351787599112,8.353971507714515e-16,42,True,False,35.4,42,33,1,0,1,2,16,8,9,1,0,--+,-1,34,000,121,1,000,122
1.7,0.01,3,hrsa_t1.7_e0.01#42,0.006433470645038095,1.2082184753459567e-15,40,True,False,23.164,40,35,1,0,1,2,14,10,11,1,0,--+,-1,36,000,121,1,000,122
1.7,0.01,3,hrsa_t1.7_e0.01#77,0.006497667638756884,6.349542990430474e-16,48,True,False,44.485,48,33,1,0,1,2,19,7,7,1,0,-++,-1,34,000,121,1,000,122
1.7,0.01,3,hrsa_t1.7_e0.01#288,0.005993695547980256,9.722032826100085e-16,44,True,False,57.895,44,33,3,0,1,4,16,8,9,1,0 3 30,--+,-1,36,000,112,1,000,112
1.7,0.01,3,hrsa_t1.7_e0.01#299,0.0065634762204419715,5.258934980960392e-16,40,True,False,41.094,40,35,1,0,1,2,14,10,11,1,0,-++,-1,36,000,121,1,000,122
1.7,0.01,3,hrsa_t1.7_e0.01#2,0.006813242773145396,9.119128389233188e-16,38,True,False,26.866,38,28,3,0,0,3,13,7,8,0,6 14 22,---,-1,32,000,111,1,000,111
1.7,0.01,3,hrsa_t1.7_e0.01#38,0.006952618002374944,7.193637288896184e-16,47,True,False,19.893,47,31,5,0,1,6,17,6,8,1,0 5 7 24 26,++-,-1,36,000,121,1,000,122
1.7,0.01,3,hrsa_t1.7_e0.01#58,0.006674001323335722,5.462694883437754e-16,45,True,False,27.265,45,29,4,0,0,4,18,4,7,0,3 12 17 26,+++,1,34,000,111,1,000,111
1.7,0.01,3,hrsa_t1.7_e0.01#286,0.00613541249319695,1.0986082708271814e-15,42,True,False,39.589,42,33,2,0,0,2,15,8,10,0,8 25,+++,1,36,000,111,1,000,111
1.7,0.01,3,hrsa_t1.7_e0.01#294,0.005722701256851035,9.773548453288624e-16,62,True,False,14.099,62,33,3,0,1,4,27,3,3,1,0 5 28,-++,-1,36,000,112,1,000,112
1.7,0.01,3,hrsa_t1.7_e0.01#87,0.0069242842811031505,9.939257428897708e-16,40,True,False,27.28,40,31,3,0,1,4,14,8,9,1,0 9 22,+-+,-1,34,000,122,1,000,121
1.7,0.01,3,hrsa_t1.7_e0.01#40,0.006642780057931558,8.915887143513855e-16,32,True,False,29.448,32,31,5,0,1,6,7,11,13,1,0 10 14 17 21,+-+,-1,36,000,121,1,000,122
1.7,0.01,3,hrsa_t1.7_e0.01#98,0.006370347985609298,8.004596250074346e-16,45,True,False,34.115,45,33,2,0,0,2,18,6,9,0,5 28,+++,1,36,000,111,1,000,111
1.7,0.01,3,hrsa_t1.7_e0.01#291,0.006224172163536216,8.522979251520943e-16,54,True,False,28.528,54,33,3,0,1,4,23,3,7,1,0 13 20,-++,-1,36,000,112,1,000,112
1.7,0.01,3,hrsa_t1.7_e0.01#264,0.006543062856783941,8.199102089025364e-16,42,True,False,25.057,42,29,5,0,1,6,15,5,9,1,0 2 4 25 27,-++,-1,34,000,121,1,000,122
1.7,0.01,3,hrsa_t1.7_e0.01#281,0.0061859718014876264,9.956865796811024e-16,40,True,False,49.474,40,33,0,0,0,0,15,8,10,0,,---,1,34,000,111,1,000,111
1.7,0.01,3,hrsa_t1.7_e0.01#15,0.006671264453343133,7.445825195548316e-16,45,True,False,60.683,45,35,0,0,0,0,17,9,9,0,,+++,1,36,000,111,1,000,111
1.7,0.01,3,hrsa_t1.7_e0.01#182,0.0069417472948611145,5.823520390003792e-16,37,True,False,24.945,37,33,2,0,0,2,11,11,11,0,2 31,---,1,36,000,111,1,000,111
1.7,0.01,3,hrsa_t1.7_e0.01#113,0.0067661131157063644,1.0234928114222532e-15,49,True,False,44.66,49,34,2,0,1,3,19,7,8,1,0 17,+-+,1,36,000,122,1,000,121
1.7,0.01,3,hrsa_t1.7_e0.01#20,0.006792879011168552,9.493457722760879e-16,36,True,False,53.334,36,29,7,0,1,8,9,9,11,1,0 3 8 12 17 21 26,+-+,-1,36,000,122,1,000,121
1.7,0.01,3,hrsa_t1.7_e0.01#295,0.006125256991493546,9.23761548265169e-16,52,True,False,41.951,52,35,1,0,1,2,21,7,7,1,0,-+-,-1,36,000,112,1,000,112
1.7,0.01,3,hrsa_t1.7_e0.01#204,0.006228134415242888,7.266635130175341e-16,34,True,False,29.078,34,35,1,0,1,2,9,13,13,1,0,+--,-1,36,000,122,1,000,121
1.7,0.01,3,hrsa_t1.7_e0.01#45,0.006530178873415498,7.105795243813944e-16,37,True,False,49.672,37,33,3,0,1,4,11,10,12,1,0 13 20,+-+,-1,36,000,121,1,000,122
1.7,0.01,3,hrsa_t1.7_e0.01#201,0.006282160553593728,9.68955301924136e-16,64,True,False,30.563,64,35,1,0,1,2,30,2,3,1,0,+-+,-1,36,000,121,1,000,122
1.7,0.01,3,hrsa_t1.7_e0.01#224,0.006305545534759797,6.485803364835312e-16,46,True,False,60.253,46,35,1,0,1,2,18,8,9,1,0,--+,-1,36,000,112,1,000,112
1.7,0.01,3,hrsa_t1.7_e0.01#197,0.005813851205103641,8.589761436276207e-16,44,True,False,34.414,44,35,0,0,0,0,17,8,10,0,,---,1,36,000,111,1,000,111
1.7,0.01,3,hrsa_t1.7_e0.01#259,0.006851152665118542,8.046669807758595e-16,54,True,False,37.949,54,33,1,0,1,2,24,4,5,1,0,-++,-1,34,000,122,1,000,121
1.7,0.01,3,hrsa_t1.7_e0.01#94,0.006268303807614897,5.640725632711211e-16,49,True,False,34.782,49,33,2,0,0,2,20,6,7,0,5 28,---,1,36,000,111,1,000,111
1.7,0.01,3,hrsa_t1.7_e0.01#241,0.006214224934523831,3.975817055680288e-16,47,True,False,52.227,47,32,4,0,1,5,17,7,8,1,0 11 16 21,++-,1,36,000,112,1,000,112
1.7,0.01,3,hrsa_t1.7_e0.01#269,0.006573524080914914,1.0230316425097155e-15,47,True,False,44.601,47,33,0,0,0,0,19,7,7,0,,+++,1,34,000,111,1,000,111
2.5,0.01,3,hrsa_t2.5_e0.01#213,0.006518149205158669,8.038386798841884e-16,52,True,False,21.479,52,35,1,0,1,2,21,7,7,1,0,-+-,-1,36,000,112,1,000,112
2.5,0.01,3,hrsa_t2.5_e0.01#5,0.006744431586497475,6.1272134048748e-16,40,True,False,16.481,40,31,4,0,0,4,13,8,10,0,10 12 19 21,---,1,36,000,111,1,000,111
2.5,0.01,3,hrsa_t2.5_e0.01#152,0.0067510565517214394,1.0730084740743717e-15,50,True,False,29.673,50,31,5,0,1,6,19,5,7,1,0 10 13 18 21,++-,-1,36,000,121,1,000,122
2.5,0.01,3,hrsa_t2.5_e0.01#188,0.006801046984595318,1.0438963003450992e-15,50,True,False,22.849,50,33,3,0,1,4,20,6,7,1,0 5 28,++-,-1,36,000,121,1,000,122
2.5,0.01,3,hrsa_t2.5_e0.01#99,0.006556313709742603,9.486395998204827e-16,40,True,False,55.095,40,35,1,0,1,2,13,11,11,1,0,-+-,-1,36,000,121,1,000,122
2.5,0.01,3,hrsa_t2.5_e0.01#138,0.007043887244693277,6.266022502030806e-16,55,True,False,37.155,55,33,2,0,0,2,23,5,5,0,9 24,---,1,36,000,111,1,000,111
2.5,0.01,3,hrsa_t2.5_e0.01#289,0.006976946031329358,4.597814203079956e-16,40,True,False,49.18,40,31,5,0,1,6,13,7,11,1,0 3 8 23 28,--+,-1,36,000,121,1,000,122
2.5,0.01,3,hrsa_t2.5_e0.01#223,0.006180033567528626,7.635456610030492e-16,46,True,False,53.276,46,35,1,0,1,2,18,8,9,1,0,--+,-1,36,000,112,1,000,112
2.5,0.01,3,hrsa_t2.5_e0.01#82,0.006241190095414916,5.187227497385451e-16,43,True,False,31.805,43,33,2,0,0,2,15,9,9,0,6 27,+++,1,36,000,111,1,000,111
2.5,0.01,3,hrsa_t2.5_e0.01#191,0.006773082441479503,7.311298715781904e-16,64,True,False,14.07,64,35,1,0,1,2,29,3,3,1,0,++-,-1,36,000,121,1,000,122
2.5,0.01,3,hrsa_t2.5_e0.01#63,0.006440906541030612,1.0739197302796707e-15,42,True,False,39.064,42,31,5,0,1,6,15,5,11,1,0 5 14 17 26,-++,-1,36,000,112,1,000,112
2.5,0.01,3,hrsa_t2.5_e0.01#221,0.0066874310387443885,1.0273498153688203e-15,42,True,False,50.874,42,31,5,0,1,6,13,9,9,1,0 3 11 20 28,-+-,-1,36,000,112,1,000,112
2.5,0.01,3,hrsa_t2.5_e0.01#133,0.006543090654755238,1.0005675370658625e-15,46,True,False,23.797,46,35,1,0,1,2,18,8,9,1,0,--+,-1,36,000,122,1,000,121
2.5,0.01,3,hrsa_t2.5_e0.01#89,0.006815817418682066,3.4247870460542063e-16,42,True,False,27.141,42,31,5,0,1,6,13,9,9,1,0 3 10 21 28,++-,-1,36,000,122,1,000,121
2.5,0.01,3,hrsa_t2.5_e0.01#283,0.005984358938121772,9.188423881440366e-16,56,True,False,39.916,56,33,3,0,1,4,23,5,5,1,0 9 24,+-+,-1,36,000,121,1,000,122
2.5,0.01,3,hrsa_t2.5_e0.01#95,0.006788643470238798,8.286946312178387e-16,30,True,False,61.302,30,31,5,0,1,6,6,12,13,1,0 10 14 17 21,++-,-1,36,000,122,1,000,121
2.5,0.01,3,hrsa_t2.5_e0.01#181,0.006785564221040675,8.011499158441916e-16,45,True,False,21.11,45,35,1,0,1,2,17,8,10,1,0,--+,-1,36,000,121,1,000,122
2.5,0.01,3,hrsa_t2.5_e0.01#46,0.006696490385834524,6.379037158202344e-16,44,True,False,32.557,44,31,5,0,1,6,15,7,9,1,0 8 12 19 23,+-+,-1,36,000,121,1,000,122
2.5,0.01,3,hrsa_t2.5_e0.01#271,0.006787545614535541,7.4202512776811335e-16,60,True,False,22.6,60,35,0,0,0,0,29,2,4,0,,+++,1,36,000,111,1,000,111
2.5,0.01,3,hrsa_t2.5_e0.01#211,0.006576434214443554,3.4216756997464896e-16,46,True,False,33.238,46,35,1,0,1,2,17,9,9,1,0,-+-,-1,36,000,112,1,000,112
2.5,0.01,3,hrsa_t2.5_e0.01#258,0.006492498722768301,8.089124143346762e-16,56,True,False,27.601,56,33,3,0,1,4,24,4,5,1,0 8 25,+--,-1,36,000,122,1,000,121
2.5,0.01,3,hrsa_t2.5_e0.01#85,0.006806720757936807,8.724415793623422e-16,43,True,False,35.422,43,33,3,0,1,4,15,8,10,1,0 4 29,+--,-1,36,000,122,1,000,121
2.5,0.01,3,hrsa_t2.5_e0.01#75,0.006530653020505317,5.708630122769821e-16,32,True,False,36.826,32,33,3,0,1,4,7,13,13,1,0 6 27,--+,-1,36,000,121,1,000,122
2.5,0.01,3,hrsa_t2.5_e0.01#105,0.00666823150324872,8.683875571301889e-16,55,True,False,23.826,55,33,3,0,1,4,23,4,6,1,0 13 20,--+,-1,36,000,121,1,000,122
2.5,0.01,3,hrsa_t2.5_e0.01#39,0.007036690899378577,9.985509697858778e-16,46,True,False,38.497,46,33,3,0,1,4,17,7,9,1,0 5 28,++-,-1,36,000,121,1,000,122
2.5,0.01,3,hrsa_t2.5_e0.01#97,0.006605131882875402,6.70725488831861e-16,58,True,False,14.799,58,35,1,0,1,2,25,5,5,1,0,-+-,-1,36,000,121,1,000,122
2.5,0.01,3,hrsa_t2.5_e0.01#174,0.0063733486838517895,7.29333915483217e-16,52,True,False,21.472,52,35,1,0,1,2,22,6,7,1,0,+--,-1,36,000,112,1,000,112
2.5,0.01,3,hrsa_t2.5_e0.01#164,0.006742857426220197,6.554151712889515e-16,38,True,False,33.951,38,31,5,0,1,6,11,9,11,1,0 6 13 18 25,++-,-1,36,000,112,1,000,112
2.5,0.01,3,hrsa_t2.5_e0.01#12,0.006819944590855386,6.565898568214747e-16,56,True,False,28.457,56,33,3,0,1,4,23,5,5,1,0 14 19,+--,-1,36,000,121,1,000,122
2.5,0.01,3,hrsa_t2.5_e0.01#234,0.006338097408598653,1.0903688387668945e-15,43,True,False,49.581,43,32,2,0,1,3,17,6,9,1,0 16,-++,1,34,000,112,1,000,112
2.5,0.01,3,hrsa_t2.5_e0.01#173,0.006813573645514893,6.707701469780833e-16,36,True,False,44.754,36,31,5,0,1,6,12,6,13,1,0 8 11 20 23,--+,-1,36,000,112,1,000,112
2.5,0.01,3,hrsa_t2.5_e0.01#13,0.006746706973674373,6.678787250518571e-16,38,True,False,58.084,38,33,3,0,1,4,11,11,11,1,0 15 18,--+,-1,36,000,122,1,000,121
2.5,0.01,3,hrsa_t2.5_e0.01#261,0.006327007448266213,8.794152846251489e-16,50,True,False,43.297,50,31,5,0,1,6,19,5,7,1,0 4 6 25 27,++-,-1,36,000,122,1,000,121
2.5,0.01,3,hrsa_t2.5_e0.01#212,0.006107639821386567,9.258524630225178e-16,46,True,False,53.853,46,35,1,0,1,2,17,9,9,1,0,--+,-1,36,000,112,1,000,112
2.5,0.01,3,hrsa_t2.5_e0.01#1,0.00687214767590892,9.07445436915021e-16,38,True,False,61.901,38,31,5,0,1,6,12,8,11,1,0 4 8 23 27,++-,-1,36,000,122,1,000,121
2.5,0.01,3,hrsa_t2.5_e0.01#3,0.006868501231733617,9.195386092784853e-16,48,True,False,33.777,48,31,5,0,1,6,17,7,7,1,0 2 4 27 29,+-+,-1,36,000,121,1,000,122
2.5,0.01,3,hrsa_t2.5_e0.01#83,0.006198612486167647,8.072474401027378e-16,50,True,False,49.67,50,33,3,0,1,4,19,7,7,1,0 6 27,+-+,-1,36,000,112,1,000,112
2.5,0.01,3,hrsa_t2.5_e0.01#91,0.006722236746524829,3.525782217576938e-16,36,True,False,35.206,36,31,5,0,1,6,9,11,11,1,0 7 9 22 24,+-+,-1,36,000,122,1,000,121
2.5,0.01,3,hrsa_t2.5_e0.01#146,0.006943670717105058,6.441023445596874e-16,44,True,False,60.815,44,33,3,0,1,4,15,9,9,1,0 9 24,--+,-1,36,000,112,1,000,112
2.5,0.01,3,hrsa_t2.5_e0.01#50,0.006686750093753002,5.126818848086197e-16,45,True,False,64.227,45,33,3,0,1,4,17,6,10,1,0 7 26,--+,-1,36,000,121,1,000,122
2.5,0.01,3,hrsa_t2.5_e0.01#266,0.0066766374910787055,9.760139258657848e-16,52,True,False,37.418,52,33,3,0,1,4,21,5,7,1,0 2 31,+--,-1,36,000,112,1,000,112
2.5,0.01,3,hrsa_t2.5_e0.01#54,0.0065937903354394,5.750944841216686e-16,46,True,False,34.58,46,31,5,0,1,6,17,5,9,1,0 3 13 18 28,++-,-1,36,000,121,1,000,122
2.5,0.01,3,hrsa_t2.5_e0.01#93,0.006802621359067707,7.28260620359383e-16,36,True,False,54.111,36,31,5,0,1,6,10,10,11,1,0 6 14 17 25,-++,-1,36,000,122,1,000,121
2.5,0.01,3,hrsa_t2.5_e0.01#192,0.006686161868358638,6.013810367660298e-16,45,True,False,56.833,45,32,4,0,1,5,17,5,10,1,0 9 16 23,+-+,1,36,000,121,1,000,122
2.5,0.01,3,hrsa_t2.5_e0.01#119,0.006644950196487302,6.719350338224335e-16,56,True,False,26.891,56,33,3,0,1,4,24,4,5,1,0 2 31,++-,-1,36,000,122,1,000,121
2.5,0.01,3,hrsa_t2.5_e0.01#245,0.0067843721488612795,3.9369058312247627e-16,48,True,False,34.205,48,31,5,0,1,6,17,7,7,1,0 8 14 17 23,+-+,-1,36,000,122,1,000,121
2.5,0.01,3,hrsa_t2.5_e0.01#134,0.006384787035490591,5.704906205329963e-16,37,True,False,63.669,37,34,2,0,1,3,12,10,12,1,0 17,-+-,1,36,000,122,1,000,121
2.5,0.01,3,hrsa_t2.5_e0.01#297,0.006830888323154809,8.655022981242129e-16,37,True,False,51.623,37,31,4,0,0,4,11,9,11,0,5 9 22 26,---,1,36,000,111,1,000,111
2.5,0.01,3,hrsa_t2.5_e0.01#285,0.005927466530356901,8.252113593294934e-16,46,True,False,31.987,46,31,5,0,1,6,17,5,9,1,0 4 9 22 27,+--,-1,36,000,122,1,000,121
2.5,0.01,3,hrsa_t2.5_e0.01#233,0.006331800720480852,1.26928011404172e-15,43,True,False,34.95,43,30,4,0,1,5,15,7,8,1,0 13 15 17,+-+,1,34,000,121,1,000,122
2.5,0.01,3,hrsa_t2.5_e0.01#280,0.0070202873783656115,6.269732572272032e-16,56,True,False,27.856,56,33,3,0,1,4,24,4,5,1,0 9 24,++-,-1,36,000,122,1,000,121
2.5,0.01,3,hrsa_t2.5_e0.01#84,0.006788809799537191,3.536066161831445e-16,39,True,False,61.819,39,32,4,0,1,5,12,9,11,1,0 6 16 26,-++,1,36,000,112,1,000,112
2.5,0.01,3,hrsa_t2.5_e0.01#206,0.006992412421516609,9.109084119024342e-16,41,True,False,32.795,41,29,6,0,0,6,13,7,9,0,2 4 6 23 25 27,---,1,36,000,111,1,000,111
2.5,0.01,3,hrsa_t2.5_e0.01#10,0.006807185079752577,8.142859845022295e-16,31,True,False,40.265,31,30,6,0,1,7,7,9,14,1,0 2 5 15 25 28,++-,1,36,000,122,1,000,121
2.5,0.01,3,hrsa_t2.5_e0.01#59,0.006543408262661954,1.1736168559842267e-15,42,True,False,48.841,42,31,5,0,1,6,13,9,9,1,0 5 13 18 26,-++,-1,36,000,112,1,000,112
2.5,0.01,3,hrsa_t2.5_e0.01#30,0.006841340381032069,7.534630791445288e-16,50,True,False,26.948,49,32,3,0,0,3,21,4,7,0,14 16 18,---,-1,36,000,111,1,000,111
2.5,0.01,3,hrsa_t2.5_e0.01#292,0.006879589408399533,4.327419119359094e-16,33,True,False,47.798,33,30,6,0,1,7,10,5,15,1,0 7 10 15 20 23,--+,1,36,000,121,1,000,122
2.5,0.01,3,hrsa_t2.5_e0.01#127,0.0063616439690021955,8.793687058204866e-16,42,True,False,41.611,42,31,5,0,1,6,14,8,9,1,0 7 13 18 24,++-,-1,36,000,122,1,000,121
2.5,0.01,3,hrsa_t2.5_e0.01#55,0.00694934994887196,4.3019111874674165e-16,47,True,False,38.132,47,30,6,0,1,7,18,4,8,1,0 10 12 15 18 20,+--,1,36,000,112,1,000,112
2.5,0.01,3,hrsa_t2.5_e0.01#296,0.007006248304111061,8.634865991599897e-16,44,True,False,50.997,44,33,3,0,1,4,15,9,9,1,0 2 31,+--,-1,36,000,112,1,000,112
2.5,0.01,3,hrsa_t2.5_e0.01#205,0.007016704194318106,7.49099361827746e-16,43,True,False,55.63,43,33,2,0,0,2,15,9,9,0,14 19,+++,1,36,000,111,1,000,111
2.5,0.01,3,hrsa_t2.5_e0.01#193,0.006627613552427064,6.813098899525854e-16,50,True,False,38.153,50,33,3,0,1,4,19,7,7,1,0 8 25,+-+,-1,36,000,122,1,000,121
2.5,0.01,3,hrsa_t2.5_e0.01#142,0.007012688214823199,8.498952927811473e-16,43,True,False,58.712,43,31,4,0,0,4,15,7,9,0,6 11 20 25,---,1,36,000,111,1,000,111
2.5,0.01,3,hrsa_t2.5_e0.01#171,0.006819050186787781,5.571270320876889e-16,44,True,False,55.566,44,31,4,0,0,4,17,6,8,0,11 14 17 20,+++,1,36,000,111,1,000,111
2.5,0.01,3,hrsa_t2.5_e0.01#47,0.006694411647638764,6.516275747261853e-16,44,True,False,81.472,44,31,5,0,1,6,15,7,9,1,0 6 14 17 25,-+-,-1,36,000,121,1,000,122
2.5,0.01,3,hrsa_t2.5_e0.01#65,0.0068219305197433,7.46833442776783e-16,42,True,False,63.889,42,31,5,0,1,6,13,9,9,1,0 10 13 18 21,--+,-1,36,000,122,1,000,121
2.5,0.01,3,hrsa_t2.5_e0.01#150,0.00599023777047693,7.515886704014221e-16,58,True,False,38.031,58,35,1,0,1,2,25,5,5,1,0,-+-,-1,36,000,121,1,000,122
2.5,0.01,3,hrsa_t2.5_e0.01#111,0.006974006951233207,5.834099565256435e-16,40,True,False,31.876,40,35,1,0,1,2,13,11,11,1,0,-+-,-1,36,000,122,1,000,121
2.5,0.01,3,hrsa_t2.5_e0.01#132,0.006693158700190823,6.14431180967546e-16,51,True,False,49.887,51,35,0,0,0,0,22,6,7,0,,---,1,36,000,111,1,000,111
2.5,0.01,3,hrsa_t2.5_e0.01#33,0.006773748444985994,4.871206568970409e-16,50,True,False,48.296,50,31,5,0,1,6,19,5,7,1,0 2 6 25 29,--+,-1,36,000,112,1,000,112
2.5,0.01,3,hrsa_t2.5_e0.01#246,0.006730752827151897,6.249597127001947e-16,44,True,False,55.237,44,33,3,0,1,4,15,9,9,1,0 9 24,+--,-1,36,000,121,1,000,122
2.5,0.01,3,hrsa_t2.5_e0.01#42,0.00705259860033049,6.596329571547849e-16,58,True,False,30.216,58,33,3,0,1,4,25,3,5,1,0 8 25,+--,-1,36,000,122,1,000,121
2.5,0.01,3,hrsa_t2.5_e0.01#77,0.006499690989765844,6.213163107935429e-16,56,True,False,43.421,56,33,3,0,1,4,23,5,5,1,0 3 30,-++,-1,36,000,122,1,000,121
2.5,0.01,3,hrsa_t2.5_e0.01#288,0.005783162357626775,5.306576086147215e-16,34,True,False,44.654,34,29,7,0,1,8,7,11,11,1,0 3 5 11 18 24 26,--+,-1,36,000,122,1,000,121
2.5,0.01,3,hrsa_t2.5_e0.01#299,0.006967234275566072,4.844192658838714e-16,40,True,False,48.116,40,35,1,0,1,2,13,11,11,1,0,+-+,-1,36,000,112,1,000,112
2.5,0.01,3,hrsa_t2.5_e0.01#2,0.006874248799182709,6.429076061759652e-16,46,True,False,42.808,46,35,1,0,1,2,17,9,9,1,0,-++,-1,36,000,122,1,000,121
2.5,0.01,3,hrsa_t2.5_e0.01#38,0.006990629939420435,5.181830600328782e-16,50,True,False,43.93,50,33,3,0,1,4,19,7,7,1,0 8 25,+--,-1,36,000,121,1,000,122
2.5,0.01,3,hrsa_t2.5_e0.01#58,0.006658861527732237,7.661160207563262e-16,36,True,False,49.724,36,31,4,0,0,4,11,8,12,0,6 8 23 25,+++,1,36,000,111,1,000,111
2.5,0.01,3,hrsa_t2.5_e0.01#286,0.006067215765560787,1.0368706136337295e-15,44,True,False,51.012,44,33,3,0,1,4,15,9,9,1,0 2 31,-+-,-1,36,000,122,1,000,121
2.5,0.01,3,hrsa_t2.5_e0.01#294,0.006953935643553982,1.0022895180812829e-15,53,True,False,30.535,53,33,2,0,0,2,24,2,7,0,9 24,---,1,36,000,111,1,000,111
2.5,0.01,3,hrsa_t2.5_e0.01#87,0.0067586927877618585,1.0057490712306281e-15,46,True,False,45.299,46,33,3,0,1,4,18,6,9,1,0 2 31,+--,-1,36,000,121,1,000,122
2.5,0.01,3,hrsa_t2.5_e0.01#40,0.006900983448028096,1.217579129704897e-15,44,True,False,46.75,44,29,7,0,1,8,15,5,9,1,0 2 4 6 23 25 27,+-+,-1,36,000,121,1,000,122
2.5,0.01,3,hrsa_t2.5_e0.01#98,0.006779224260965943,8.477282269358702e-16,64,True,False,31.589,64,35,1,0,1,2,29,3,3,1,0,-+-,-1,36,000,121,1,000,122
2.5,0.01,3,hrsa_t2.5_e0.01#291,0.006575261794721254,6.54069148031703e-16,50,True,False,45.502,50,33,3,0,1,4,19,7,7,1,0 10 23,+--,-1,36,000,121,1,000,122
2.5,0.01,3,hrsa_t2.5_e0.01#264,0.006348137238045276,8.890947755527398e-16,46,True,False,58.693,46,35,1,0,1,2,17,9,9,1,0,+--,-1,36,000,121,1,000,122
2.5,0.01,3,hrsa_t2.5_e0.01#281,0.0060696454329824566,9.35606406493113e-16,44,True,False,72.62,44,31,5,0,1,6,15,7,9,1,0 11 14 17 20,+-+,-1,36,000,121,1,000,122
2.5,0.01,3,hrsa_t2.5_e0.01#15,0.006731068040435547,6.954471225280471e-16,52,True,False,46.16,52,35,1,0,1,2,21,7,7,1,0,+-+,-1,36,000,112,1,000,112
2.5,0.01,3,hrsa_t2.5_e0.01#182,0.006196871106143981,4.522222697523858e-16,44,True,False,27.254,44,31,5,0,1,6,15,7,9,1,0 2 9 22 29,-+-,-1,36,000,121,1,000,122
2.5,0.01,3,hrsa_t2.5_e0.01#113,0.0067953859401628245,3.7376644609670747e-16,58,True,False,42.034,58,35,1,0,1,2,26,4,5,1,0,+-+,-1,36,000,122,1,000,121
2.5,0.01,3,hrsa_t2.5_e0.01#20,0.006819793564171638,6.955965431452925e-16,56,True,False,43.011,56,33,3,0,1,4,23,5,5,1,0 4 29,-++,-1,36,000,122,1,000,121
2.5,0.01,3,hrsa_t2.5_e0.01#295,0.006929238489694014,4.979119614765611e-16,44,True,False,46.401,44,33,3,0,1,4,15,9,9,1,0 14 19,-+-,-1,36,000,112,1,000,112
2.5,0.01,3,hrsa_t2.5_e0.01#204,0.006510981681971109,7.183491612104052e-16,52,True,False,43.859,52,35,1,0,1,2,21,7,7,1,0,++-,-1,36,000,122,1,000,121
2.5,0.01,3,hrsa_t2.5_e0.01#45,0.006689118135182107,5.598853659932856e-16,51,True,False,30.49,51,35,1,0,1,2,21,6,8,1,0,--+,-1,36,000,121,1,000,122
2.5,0.01,3,hrsa_t2.5_e0.01#201,0.006580174384523561,8.180193842456591e-16,46,True,False,28.126,46,33,3,0,1,4,17,7,9,1,0 3 30,++-,-1,36,000,121,1,000,122
2.5,0.01,3,hrsa_t2.5_e0.01#224,0.006147547289369561,5.190152913664811e-16,58,True,False,21.821,58,31,5,0,1,6,26,0,5,1,0 11 14 17 20,-+-,-1,36,000,112,1,000,112
2.5,0.01,3,hrsa_t2.5_e0.01#197,0.006647118596659521,8.729673600087572e-16,50,True,False,28.447,50,33,3,0,1,4,19,7,7,1,0 12 21,++-,-1,36,000,121,1,000,122
2.5,0.01,3,hrsa_t2.5_e0.01#259,0.00639413091801735,6.961835005249707e-16,50,True,False,37.665,50,33,3,0,1,4,19,7,7,1,0 12 21,--+,-1,36,000,122,1,000,121
2.5,0.01,3,hrsa_t2.5_e0.01#94,0.006669710372626806,8.172942483980951e-16,44,True,False,17.438,44,33,3,0,1,4,15,9,9,1,0 9 24,+-+,-1,36,000,122,1,000,121
2.5,0.01,3,hrsa_t2.5_e0.01#241,0.006263132904271577,1.1224213095949656e-15,49,True,False,22.388,49,29,4,0,0,4,19,5,5,0,4 8 21 25,---,1,34,000,111,1,000,111
2.5,0.01,3,hrsa_t2.5_e0.01#269,0.006752077019085116,7.746037135290098e-16,49,True,False,16.783,49,33,2,0,0,2,20,6,7,0,7 26,+++,1,36,000,111,1,000,111
