eps,K,n,bestK_wo,gain_wo,gain_over_sd_wo,gain_gauss_within,gain_gauss_model,n_angles
0.003,1,80.6,100.26581710882,-3.410605131648481e-13,-2.0264017980696857e-14,0.0,0.0,5
0.003,3,80.6,85.29635415783518,14.969462950984468,0.8480544770664249,14.933512047554597,13.62174239970346,5
0.003,10,80.6,74.05192760258021,26.213889506239433,1.4844652003001526,27.15312340632992,24.767974955292065,5
0.003,30,80.6,66.07173320141415,34.194083907405506,1.9369542675455353,36.044765519957195,32.87856930151749,5
0.003,100,107.5,62.13971199645117,38.36149970512405,2.180499930749487,44.115592727841175,40.36143358324045,2
0.005,1,947.0,98.44456177405854,-3.531397396727698e-11,-1.9676742279162994e-12,0.0,0.0,1
0.005,3,947.0,83.35127350435272,15.09328826967051,0.8409893027123417,15.188599690180936,13.354157578106623,1
0.005,10,947.0,71.49187883599373,26.952682938029497,1.5017879222401602,27.616941041297906,24.281434102789163,1
0.005,30,947.0,62.77455724024102,35.670004533782205,1.9875120453964823,36.660466249713565,32.23270434219354,1
0.005,100,947.0,53.99299015643304,44.45157161759019,2.4768158900314297,45.00405598853563,39.5685756148649,1
0.005,300,947.0,47.06381493826186,51.38074683576137,2.8629055300743698,51.648058830677876,45.410131960622984,1
0.01,1,5505.2,93.41568281340399,1.3284591204865138e-10,7.53176734846681e-12,0.0,0.0,5
0.01,3,5505.2,79.19621913033501,14.219463683201818,0.8367318247205459,14.378954791401236,12.991067599802307,5
0.01,10,5505.2,67.89592644368254,25.51975636985429,1.5016082485562703,26.144789829857285,23.621239303528043,5
0.01,30,5505.2,59.483294985176144,33.93238782836069,1.9964800777498588,34.70624004773166,31.35632020101166,5
0.01,100,5505.2,51.99894898271545,41.416733830821386,2.4370538335243754,42.605065620841,38.49273438882697,5
0.01,300,27126.0,49.082684501348105,48.68572956633603,2.760743544042153,50.75002089504572,44.17546300213999,1
0.01,1000,27126.0,42.85888431581657,54.90952975186757,3.1136665942801702,57.162109156022375,49.75687878766299,1
0.1,1,80.0,61.47249999999607,3.933564585167915e-12,2.741274184523179e-13,0.0,0.0,5
0.1,3,80.0,49.3345569620243,12.1379430379757,0.8437278322818832,12.174712943116514,11.784908799901153,5
0.1,10,80.0,40.1585363588977,21.3139636411023,1.4824661425283419,22.136887955651293,21.42811965176402,5
0.1,30,80.0,33.728447110941666,27.744052889058338,1.9323439950082602,29.385898769826422,28.445035100505827,5
