eps,theta,n,K,bestK_wr,bestK_wo,gauss_within,gauss_model,gain_wr,gain_gauss_model,gain_gauss_within,gain_wo,sd,gain_over_sd_wo
0.003,0.3,74,1,102.47297297297298,102.47297297297504,102.47297297297297,102.47297297297297,-1.4210854715202004e-14,0.0,0.0,-2.0747847884194925e-12,16.84109697153778,-1.2319772232925049e-13
0.003,0.3,74,3,88.89261001322726,88.72001110699806,88.22035260596054,88.8512305732695,13.580362959745713,13.621742399703464,14.252620367012426,13.75296186597491,16.84109697153778,0.8166310002975484
0.003,0.3,74,10,80.0221182200393,79.59904441510388,76.55789295317064,77.70499801768091,22.450854752933665,24.76797495529206,25.915080019802332,22.873928557869093,16.84109697153778,1.3582208211571414
0.003,0.3,74,30,73.78564884683928,72.65921309443911,68.07166418921275,69.59440367145548,28.68732412613369,32.87856930151749,34.401308783760214,29.81375987853386,16.84109697153778,1.7702979757744088
0.003,0.3,74,100,69.74116276060735,,60.24223820714483,62.11153938973252,32.731810212365616,40.36143358324045,42.23073476582814,,16.84109697153778,
0.003,0.3,74,300,69.01877201683031,,54.00766410828154,56.15293246976299,33.45420095614266,46.32004050320998,48.46530886469143,,16.84109697153778,
0.003,0.3,74,1000,69.00000123351234,,47.8842412494304,50.30055679147848,33.47297173946063,52.17241618149449,54.588731723542566,,16.84109697153778,
0.003,0.5,106,1,101.75471698113208,101.75471698113292,101.75471698113208,101.75471698113208,0.0,0.0,0.0,-8.384404281969182e-13,17.666654800043478,-4.745892404004265e-14
0.003,0.5,106,3,86.63230552738167,86.48636740617901,86.80342702385528,88.13297458142861,15.122411453750402,13.621742399703464,14.9512899572768,15.268349574953064,17.666654800043478,0.8642467828666403
0.003,0.5,106,10,74.88986700599006,74.52377426601261,74.56926857482517,76.98674202584002,26.86484997514202,24.76797495529206,27.185448406306904,27.23094271511947,17.666654800043478,1.5413751512851461
0.003,0.5,106,30,67.8999508411294,67.13423357259134,65.66704122108327,68.87614767961459,33.85476614000268,32.87856930151749,36.08767576004881,34.620483408540736,17.666654800043478,1.9596513205462947
0.003,0.5,106,100,64.00960506668743,63.11343004435254,57.45381340454305,61.39328339789163,37.74511191444465,40.36143358324045,44.30090357658903,38.64128693677954,17.666654800043478,2.1872441259612114
0.003,0.5,106,300,63.11684137412939,,50.91361779756696,55.434676477922096,38.637875607002684,46.32004050320998,50.84109918356512,,17.666654800043478,
0.003,0.5,106,1000,63.000152919828665,,44.49002211227115,49.582300799637586,38.75456406130341,52.17241618149449,57.26469486886093,,17.666654800043478,
0.003,1.0,65,1,101.32307692307693,101.32307692307756,101.32307692307693,101.32307692307693,0.0,0.0,0.0,-6.394884621840902e-13,17.055156562887817,-3.7495314676596004e-14
0.003,1.0,65,3,86.88067000455166,86.65068681318677,86.88929792390496,87.70133452337348,14.442406918525265,13.62174239970345,14.433778999171963,14.67239010989016,17.055156562887817,0.8602905552809419
0.003,1.0,65,10,75.31212281899325,74.69184341543502,75.07860200410515,76.55510196778485,26.01095410408368,24.767974955292075,26.244474918971775,26.63123350764191,17.055156562887817,1.5614769298331583
0.003,1.0,65,30,67.40502750889496,65.65779584647083,66.48450861206598,68.44450762155944,33.918049414181965,32.87856930151749,34.838568311010945,35.66528107660609,17.055156562887817,2.0911728922039967
0.003,1.0,65,100,62.096621312441194,,58.555566325979434,60.96164333983648,39.22645561063573,40.36143358324045,42.76751059709749,,17.055156562887817,
0.003,1.0,65,300,61.038542995623075,,52.241747366398364,55.003036419866945,40.28453392745385,46.32004050320998,49.08132955667856,,17.055156562887817,
0.003,1.0,65,1000,61.000000739056084,,46.040492440132354,49.150660741582435,40.32307618402084,52.17241618149449,55.28258448294457,,17.055156562887817,
0.003,1.7,109,1,99.24770642201835,99.24770642201622,99.24770642201835,99.24770642201835,0.0,0.0,0.0,2.1316282072803006e-12,17.518855431126706,1.2167622569068757e-13
0.003,1.7,109,3,84.54563565757985,84.41302504596477,84.42149907065583,85.62596402231489,14.702070764438503,13.621742399703464,14.826207351362527,14.834681376053581,17.518855431126706,0.8467837088087383
0.003,1.7,109,10,74.12941080657455,73.80047733186481,72.28969168460058,74.47973146672629,25.1182956154438,24.76797495529206,26.95801473741777,25.44722909015354,17.518855431126706,1.452562308662018
0.003,1.7,109,30,66.73232500464664,65.83386473159918,63.46194043285583,66.36913712050087,32.515381417371714,32.87856930151749,35.78576598916252,33.413841690419176,17.518855431126706,1.9073073478904894
0.003,1.7,109,100,62.05834307945055,61.16599394854979,55.317424542925025,58.886272838777906,37.1893633425678,40.36143358324045,43.93028187909333,38.08171247346856,17.518855431126706,2.1737557355377626
0.003,1.7,109,300,61.12644937573263,,48.83194426232192,52.92766591880837,38.12125704628572,46.32004050320998,50.415762159696435,,17.518855431126706,
0.003,1.7,109,1000,61.00019874103413,,42.46208842756425,47.07529024052386,38.24750768098422,52.17241618149449,56.78561799445411,,17.518855431126706,
0.003,2.5,49,1,96.53061224489797,96.53061224489824,96.53061224489795,96.53061224489795,-1.4210854715202004e-14,0.0,0.0,-2.8421709430404007e-13,19.1464770919878,-1.4844354548282722e-14
0.003,2.5,49,3,80.53753113073634,80.21168041684733,80.32694868194868,82.90886984519449,15.993081114161612,13.621742399703464,16.203663562949274,16.318931828050623,19.1464770919878,0.8523203380782558
0.003,2.5,49,10,68.51894505255416,67.64449858448478,67.06801329574712,71.76263728960589,28.011667192343793,24.76797495529206,29.46259894915083,28.886113660413173,19.1464770919878,1.5086907905632991
0.003,2.5,49,30,61.15088468206232,59.073558761970276,57.42010348909447,63.652042943380465,35.37972756283563,32.87856930151749,39.11050875580348,37.45705348292768,19.1464770919878,1.9563418013124867
0.003,2.5,49,100,56.276539483156064,,48.51890628902934,56.169178661657504,40.25407276174189,40.36143358324045,48.011705955868614,,19.1464770919878,
0.003,2.5,49,300,55.02058483794874,,41.430880469575456,50.21057174168797,41.51002740694921,46.32004050320998,55.099731775322496,,19.1464770919878,
0.003,2.5,49,1000,55.000000011095764,,34.46922139892869,44.35819606340346,41.53061223380219,52.17241618149449,62.061390845969264,,19.1464770919878,
0.005,0.3,947,1,98.44456177402323,98.44456177405854,98.44456177402323,98.44456177402323,0.0,0.0,0.0,-3.531397396727698e-11,17.947063322912598,-1.9676742279162994e-12
0.005,0.3,947,3,83.3669740566248,83.35127350435272,83.25596208384229,85.0904041959166,15.07758771739843,13.354157578106623,15.188599690180936,15.09328826967051,17.947063322912598,0.8409893027123417
0.005,0.3,947,10,71.53530215385092,71.49187883599373,70.82762073272532,74.16312767123407,26.909259620172307,24.281434102789163,27.616941041297906,26.952682938029497,17.947063322912598,1.5017879222401602
0.005,0.3,947,30,62.890985140623116,62.77455724024102,61.78409552430966,66.21185743182969,35.55357663340011,32.23270434219354,36.660466249713565,35.670004533782205,17.947063322912598,1.9875120453964823
0.005,0.3,947,100,54.36382551185958,53.99299015643304,53.440505785487595,58.87598615915833,44.08073626216365,39.5685756148649,45.00405598853563,44.45157161759019,17.947063322912598,2.4768158900314297
0.005,0.3,947,300,47.904333068155495,47.06381493826186,46.79650294334535,53.034429813400244,50.54022870586773,45.410131960622984,51.648058830677876,51.38074683576137,17.947063322912598,2.8629055300743698
0.005,0.3,947,1000,43.81335152806046,,40.27095071913433,47.297017908166204,54.63121024596277,51.147543865857024,58.173611054888895,,17.947063322912598,
0.01,0.3,100,1,93.17999999999999,93.18000000000038,93.18,93.18,1.4210854715202004e-14,0.0,0.0,-3.694822225952521e-13,17.216611663498636,-2.1460797851333343e-14
0.01,0.3,100,3,78.73716,78.59580086580168,78.60958154918112,80.1889324001977,14.442840000000004,12.991067599802307,14.570418450818892,14.584199134198329,17.216611663498636,0.8471004294717671
0.01,0.3,100,10,68.81759966601814,68.50050530408326,66.6870779722083,69.55876069647196,24.362400333981867,23.621239303528043,26.492922027791707,24.679494695916745,17.216611663498636,1.4334699055935816
0.01,0.3,100,30,63.3798176922723,62.78468924377473,58.011627354971345,61.82367979898835,29.80018230772771,31.356320201011656,35.16837264502866,30.39531075622528,17.216611663498636,1.7654641546377634
0.01,0.3,100,100,60.55187103524763,60.0,50.007624592610824,54.68726561117304,32.62812896475238,38.49273438882697,43.17237540738918,33.18000000000001,17.216611663498636,1.9272084803042717
0.01,0.3,100,300,60.009330654641886,,43.63403495478363,49.004536997860015,33.17066934535812,44.17546300213999,49.54596504521638,,17.216611663498636,
0.01,0.3,100,1000,60.00000000673187,,37.374074953935526,43.423121212337016,33.17999999326814,49.75687878766299,55.80592504606448,,17.216611663498636,
0.01,0.5,100,1,93.22999999999998,93.23000000000062,93.23,93.23,2.842170943040401e-14,0.0,0.0,-6.110667527536862e-13,16.20503413489559,-3.770845205674868e-14
0.01,0.5,100,3,80.00183300000002,79.87532467532529,79.51567961163786,80.2389324001977,13.228166999999985,12.991067599802307,13.71432038836214,13.354675324674716,16.20503413489559,0.8241065840100287
0.01,0.5,100,10,70.55453125187988,70.23206475923345,68.29369347322267,69.60876069647196,22.675468748120124,23.621239303528043,24.93630652677733,22.99793524076655,16.20503413489559,1.4191846218480506
0.01,0.5,100,30,64.88971771202202,64.25849268610098,60.12797677264878,61.87367979898835,28.340282287977985,31.356320201011656,33.102023227351225,28.971507313899025,16.20503413489559,1.7878090889986076
0.01,0.5,100,100,61.567831472754165,60.0,52.59425640333582,54.73726561117304,31.66216852724584,38.49273438882697,40.635743596664184,33.230000000000004,16.20503413489559,2.050597346687669
0.01,0.5,100,300,60.196285526288094,,46.59515276659747,49.05453699786001,33.03371447371191,44.17546300213999,46.63484723340253,,16.20503413489559,
0.01,0.5,100,1000,60.0001726849897,,40.70300235514944,43.47312121233701,33.229827315010304,49.75687878766299,52.52699764485057,,16.20503413489559,
0.01,1.0,27126,1,97.76841406768413,97.76841406701774,97.76841406768413,97.76841406768413,0.0,0.0,0.0,6.663896101599676e-10,17.635006218307637,3.778788631603433e-11
0.01,1.0,27126,3,82.85494010223493,82.85439187925259,82.84390830513038,84.77734646788183,14.9134739654492,12.991067599802307,14.92450576255375,14.914022188431545,17.635006218307637,0.8457055247844866
0.01,1.0,27126,10,70.8849028166987,70.88338790008481,70.63166649895234,74.14717476415609,26.883511250985435,23.621239303528043,27.136747568731792,26.88502616759932,17.635006218307637,1.524526038425144
0.01,1.0,27126,30,62.50313536095232,62.4994096590759,61.745386865547125,66.41209386667248,35.26527870673181,31.356320201011656,36.02302720213701,35.26900440860823,17.635006218307637,1.9999428393733145
0.01,1.0,27126,100,55.00530409657395,54.99474491357723,53.5468724746559,59.275679678857166,42.76310997111018,38.49273438882697,44.221541593028235,42.773669154106905,17.635006218307637,2.4254978209024824
0.01,1.0,27126,300,49.11111664612375,49.082684501348105,47.01839317263841,53.59295106554414,48.657297421560386,44.17546300213999,50.75002089504572,48.68572956633603,17.635006218307637,2.760743544042153
0.01,1.0,27126,1000,42.951453135205426,42.85888431581657,40.60630491166176,48.01153528002114,54.81696093247871,49.75687878766299,57.162109156022375,54.90952975186757,17.635006218307637,3.1136665942801702
0.01,1.7,100,1,88.39999999999999,88.40000000000043,88.4,88.4,1.4210854715202004e-14,0.0,0.0,-4.263256414560601e-13,17.18467722458386,-2.480847535769668e-14
0.01,1.7,100,3,74.32363999999998,74.18581323438619,73.85660766483468,75.4089324001977,14.076360000000022,12.991067599802307,14.543392335165322,14.214186765613817,17.18467722458386,0.8271430751855756
0.01,1.7,100,10,62.82762200044133,62.37891908484339,61.95621868681036,64.77876069647196,25.572377999558675,23.621239303528043,26.443781313189646,26.021080915156617,17.18467722458386,1.5142024825425102
0.01,1.7,100,30,53.12675363410967,51.71966095030535,53.29685983334255,57.04367979898835,35.27324636589034,31.356320201011656,35.103140166657454,36.68033904969466,17.18467722458386,2.1344793719617217
0.01,1.7,100,100,44.70096379422344,42.0,45.30770339163352,49.90726561117304,43.699036205776565,38.49273438882697,43.09229660836649,46.400000000000006,17.18467722458386,2.700079809100029
0.01,1.7,100,300,42.13095235563554,,38.94593588309257,44.224536997860014,46.26904764436446,44.17546300213999,49.45406411690744,,17.18467722458386,
0.01,1.7,100,1000,42.00008636605648,,32.69758724423387,38.643121212337014,46.39991363394353,49.75687878766299,55.70241275576613,,17.18467722458386,
0.01,2.5,100,1,94.50000000000001,94.50000000000075,94.5,94.5,-1.4210854715202004e-14,0.0,0.0,-7.531752999057062e-13,16.71054829269298,-4.507184843450332e-14
0.01,2.5,100,3,80.61206399999999,80.46976499690932,80.35786297989392,81.5089324001977,13.88793600000001,12.991067599802307,14.142137020106077,14.03023500309068,16.71054829269298,0.8396035101508716
0.01,2.5,100,10,67.97574701649127,67.48475517016779,68.78580828720405,70.87876069647196,26.52425298350873,23.621239303528043,25.71419171279595,27.015244829832213,16.71054829269298,1.6166581943720642
0.01,2.5,100,30,57.657373064968056,56.15422238662377,60.36536300251605,63.143679798988344,36.842626935031944,31.356320201011656,34.13463699748395,38.34577761337623,16.71054829269298,2.294704933777887
0.01,2.5,100,100,47.91146391924411,43.0,52.59662910124308,56.00726561117303,46.58853608075589,38.49273438882697,41.90337089875692,51.5,16.71054829269298,3.0818857106274247
0.01,2.5,100,300,43.46935894550805,,46.41038412328814,50.32453699786001,51.03064105449195,44.17546300213999,48.08961587671186,,16.71054829269298,
0.01,2.5,100,1000,43.000388561422305,,40.334428764064974,44.74312121233701,51.499611438577695,49.75687878766299,54.165571235935026,,16.71054829269298,
0.1,0.3,80,1,63.2625,63.26249999999615,63.2625,63.2625,0.0,0.0,0.0,3.851141627819743e-12,13.485804773158584,2.855700266019605e-13
0.1,0.3,80,3,52.032416015625,51.89515579357246,51.84946342047589,51.47759120009885,11.230083984375,11.784908799901153,11.41303657952411,11.367344206427546,13.485804773158584,0.84291181710212
0.1,0.3,80,10,44.03321569872166,43.68062821200556,42.510543615063575,41.83438034823598,19.22928430127834,21.42811965176402,20.751956384936427,19.581871787994444,13.485804773158584,1.452035834522026
0.1,0.3,80,30,38.43044513990835,37.451366169440284,35.71504658986896,34.817464899494176,24.832054860091652,28.445035100505827,27.54745341013104,25.81113383055972,13.485804773158584,1.9139483527103107
0.1,0.3,80,100,33.92187383120079,,29.445495950827535,28.343632805586523,29.34062616879921,34.91886719441348,33.81700404917247,,13.485804773158584,
0.1,0.3,80,300,32.1388375212326,,24.45305102380423,23.18851849893001,31.1236624787674,40.073981501069994,38.809448976195775,,13.485804773158584,
0.1,0.3,80,1000,32.000020665978525,,19.549612408283764,18.12531060616851,31.262479334021478,45.13718939383149,43.71288759171624,,13.485804773158584,
0.1,0.5,80,1,59.775000000000006,59.77499999999593,59.775,59.775,-7.105427357601002e-15,0.0,0.0,4.071409875905374e-12,13.541287076796005,3.0066638812214797e-13
0.1,0.5,80,3,48.44419921875,48.30131450827565,48.31500874690754,47.990091200098846,11.330800781249998,11.784908799901153,11.459991253092461,11.473685491724346,13.541287076796005,0.8473112952006869
0.1,0.5,80,10,39.02222006287276,38.57433125778023,38.93766744622631,38.34688034823598,20.752779937127237,21.42811965176402,20.83733255377369,21.20066874221977,13.541287076796005,1.5656317321969107
0.1,0.5,80,30,31.90729690966096,30.738794711407238,32.1142128882288,31.329964899494172,27.867703090339038,28.445035100505827,27.6607871117712,29.03620528859276,13.541287076796005,2.144272189484
0.1,0.5,80,100,27.250213205754804,,25.81886852622634,24.85613280558652,32.524786794245195,34.91886719441348,33.95613147377366,,13.541287076796005,
0.1,0.5,80,300,26.070948283053138,,20.805884050396457,19.701018498930004,33.704051716946864,40.073981501069994,38.96911594960354,,13.541287076796005,
0.1,0.5,80,1000,26.00001033301958,,15.882272069273426,14.637810606168507,33.77498966698042,45.13718939383149,43.89272793072657,,13.541287076796005,
0.1,1.0,80,1,62.1125,62.112499999995855,62.1125,62.1125,0.0,0.0,0.0,4.142464149481384e-12,15.176592361139654,2.729508740109769e-13
0.1,1.0,80,3,49.543232421875004,49.38759737098209,49.26854988476751,50.327591200098844,12.569267578124993,11.784908799901153,12.843950115232488,12.724902629017905,15.176592361139654,0.838455848731932
0.1,1.0,80,10,40.222672467788584,39.83327560886033,38.7587596746783,40.684380348235976,21.889827532211413,21.42811965176402,23.353740325321695,22.279224391139664,15.176592361139654,1.4679991305681122
0.1,1.0,80,30,34.33180115041614,33.295499560404934,31.111274783900026,33.66746489949417,27.780698849583857,28.445035100505827,31.00122521609997,28.817000439595063,15.176592361139654,1.8987793671906406
0.1,1.0,80,100,29.31305949055981,,24.0556769952062,27.193632805586518,32.79944050944019,34.91886719441348,38.0568230047938,,15.176592361139654,
0.1,1.0,80,300,27.162790165254396,,18.4373025031123,22.038518498930003,34.949709834745605,40.073981501069994,43.6751974968877,,15.176592361139654,
0.1,1.0,80,1000,27.000024110325118,,12.919093520601919,16.975310606168506,35.11247588967488,45.13718939383149,49.19340647939808,,15.176592361139654,
0.1,1.7,80,1,62.425,62.424999999996295,62.425,62.425,0.0,0.0,0.0,3.701927653310122e-12,14.68812919471048,2.5203534120895855e-13
0.1,1.7,80,3,50.4288671875,50.284371957155976,49.994436262516516,50.640091200098844,11.996132812499994,11.784908799901153,12.430563737483482,12.140628042844021,14.68812919471048,0.826560543000679
0.1,1.7,80,10,41.733513700438735,41.35031446448771,39.822906795179506,40.996880348235976,20.691486299561262,21.42811965176402,22.60209320482049,21.074685535512288,14.68812919471048,1.4348107411188722
0.1,1.7,80,30,35.87021523870003,34.95746428519509,32.421558493964895,33.97996489949417,26.55478476129997,28.445035100505827,30.003441506035102,27.46753571480491,14.68812919471048,1.8700499805446003
0.1,1.7,80,100,32.58320943891819,,25.593047231343995,27.506132805586518,29.841790561081808,34.91886719441348,36.831952768656,,14.68812919471048,
0.1,1.7,80,300,32.02449816863339,,20.155501803462172,22.351018498930003,30.400501831366604,40.073981501069994,42.269498196537825,,14.68812919471048,
0.1,1.7,80,1000,32.0000034443567,,14.814898028265446,17.287810606168506,30.424996555643297,45.13718939383149,47.61010197173455,,14.68812919471048,
0.1,2.5,80,1,59.7875,59.7874999999961,59.7875,59.7875,0.0,0.0,0.0,3.90087961932295e-12,15.037248056540268,2.5941446231754554e-13
0.1,2.5,80,3,46.966619140625,46.804345180135314,47.061476969749975,48.00259120009885,12.820880859375002,11.784908799901153,12.726023030250026,12.983154819864687,15.037248056540268,0.8633996573739982
0.1,2.5,80,10,37.71256683551279,37.354132251354656,36.64818269059584,38.35938034823598,22.074933164487213,21.42811965176402,23.139317309404163,22.433367748645345,15.037248056540268,1.4918532742357884
0.1,2.5,80,30,32.92751425186265,32.19911082826077,29.070913394905197,31.342464899494175,26.859985748137355,28.445035100505827,30.716586605094804,27.58838917173923,15.037248056540268,1.8346700851117501
0.1,2.5,80,100,29.455939182655534,,22.080096773419626,24.868632805586522,30.331560817344467,34.91886719441348,37.707403226580375,,15.037248056540268,
0.1,2.5,80,300,28.093884866882796,,16.51330754288842,19.713518498930007,31.693615133117206,40.073981501069994,43.27419245711158,,15.037248056540268,
0.1,2.5,80,1000,28.000013777345966,,11.045764149530378,14.65031060616851,31.787486222654035,45.13718939383149,48.741735850469624,,15.037248056540268,
