eps,theta,src,f,n,L,T_mean,T_sd,T_min,T_q10,T_q25,T_med,T_q75,T_max,ND_mean,ND_sd,frob_min,frob_max,frob_over_eps_max,corr_T_frob,sd_model,n_in10,Tmean_in10,Tsd_in10,Tmin_in10,n_in25,Tmean_in25,Tsd_in25,Tmin_in25,n_inhalf_eps,Tmean_inhalf_eps,Tsd_inhalf_eps,Tmin_inhalf_eps,Tmean_frob_lo3,Tmean_frob_hi3
0.003,0.3,new_cpp,3,74,5.287709822868154,102.47297297297297,16.84109697153778,69,87.0,91.0,101.0,113.0,148,45.28378378378378,7.1068561730865865,0.00040933030539434025,0.002059019239340975,0.6863397464469917,-0.0052265773485160524,16.095642679550345,8,96.125,9.372261504796253,81,19,101.47368421052632,12.348497079278882,81,29,102.82758620689656,12.978193153784767,81.0,102.16,99.16
0.003,0.5,new_cpp,3,106,5.287709822868154,101.75471698113208,17.666654800043478,63,79.0,89.0,103.0,113.0,137,45.18867924528302,6.84538524784213,0.0004909170687428842,0.002092561859620926,0.6975206198736419,0.07671750365891394,16.095642679550345,11,93.9090909090909,15.636205073191803,72,27,98.33333333333333,16.652558131040777,65,42,99.4047619047619,17.707735010729653,63.0,97.47222222222223,103.68571428571428
0.003,1.0,new_cpp,3,65,5.287709822868154,101.32307692307693,17.055156562887817,61,81.0,87.0,103.0,113.0,141,43.86153846153846,8.483213061461669,0.0006161452531912607,0.0020339835858562303,0.6779945286187434,0.026782046380474028,16.095642679550345,7,98.14285714285714,16.93545168602018,77,17,100.70588235294117,14.233607702732787,77,30,98.63333333333334,16.632919857574787,61.0,99.77272727272727,98.86363636363636
0.003,1.7,new_cpp,3,109,5.287709822868154,99.24770642201835,17.518855431126706,61,79.0,87.0,99.0,113.0,138,45.6605504587156,7.6184719274277315,0.0004942127568226949,0.002032960795902138,0.677653598634046,-0.031732313638043644,16.095642679550345,11,94.9090909090909,19.362099810994394,61,28,100.82142857142857,19.26050184229194,61,50,100.32,18.69021352560353,61.0,102.32432432432432,98.13888888888889
0.003,2.5,new_cpp,3,49,5.287709822868154,96.53061224489795,19.1464770919878,55,72.6,82.0,94.0,111.0,133,44.57142857142857,9.768145508061735,0.0006134766816037521,0.0019698936574245748,0.6566312191415249,-0.15445521752919267,16.095642679550345,5,106.6,12.198360545581524,87,13,97.53846153846153,19.289960189242592,65,24,99.91666666666667,19.754837969176204,65.0,100.05882352941177,89.3125
0.005,0.3,new_cpp,3,947,4.822736302150226,98.44456177402323,17.947063322912598,43,77.0,87.0,99.0,111.0,148,46.350580781415,7.54840666024461,0.00020157893101104625,0.003510308984817473,0.7020617969634946,-0.06950840784396956,15.779460685462153,95,102.34736842105264,17.26130121389649,65,237,100.44725738396625,18.195570181388813,43,370,99.80810810810812,18.343262327999604,43.0,100.7246835443038,98.37974683544304
0.01,0.3,old_py,3,100,4.19180654857877,93.18,17.216611663498636,60,72.0,81.5,91.5,106.0,138,45.17,8.249952555725226,0.0057626252950559,0.007048270642272,0.7048270642272,0.09740716294747906,15.350428453033564,10,91.4,15.443085471786036,72,25,89.56,15.676628038792867,60,0,,,,91.11764705882354,93.3030303030303
0.01,0.5,old_py,3,100,4.19180654857877,93.23,16.20503413489559,60,72.0,82.75,92.0,104.0,138,45.43,7.606821765608642,0.0058062506873158,0.0070514484925249,0.70514484925249,-0.0006084179993392165,15.350428453033564,10,81.8,11.477514248883917,60,25,90.32,16.757386431063765,60,0,,,,92.61764705882354,91.12121212121212
0.01,1.0,new_cpp,3,27126,4.19180654857877,97.76841406768413,17.635006218307637,31,76.0,87.0,99.0,111.0,169,46.213632677136324,7.474681069622385,0.0002747203018534126,0.007069233193721567,0.7069233193721567,-0.0011049414165032734,15.350428453033564,2713,97.74714338370808,17.44321317802149,40,6782,97.79563550575051,17.679330598056165,35,10850,97.77069124423963,17.57982853857844,31.0,97.78588807785889,97.73567794735678
0.01,1.7,old_py,3,100,4.19180654857877,88.4,17.18467722458386,42,69.8,78.0,88.0,100.0,132,45.32,7.511445811680876,0.0056143517875991,0.0070336258905408,0.70336258905408,-0.08275110680106569,15.350428453033564,10,92.6,19.201851762554337,70,25,91.84,15.336992317052692,70,0,,,,88.38235294117646,88.27272727272727
0.01,2.5,old_py,3,100,4.19180654857877,94.5,16.71054829269298,43,74.0,85.5,94.5,106.0,140,46.36,7.1682802975499245,0.0057831623576267,0.0070525986003304,0.70525986003304,-0.03904618396188237,15.350428453033564,10,96.2,20.208908926510603,68,25,93.28,14.60171222836555,68,0,,,,95.0,96.54545454545455
0.1,0.3,old_py,2,80,2.095903274289385,63.2625,13.485804773158584,32,46.0,52.0,62.0,72.0,96,31.6125,5.441271607709062,0.0501195375048836,0.0702165231139157,0.702165231139157,-0.14821661241169168,13.92521422651678,8,64.0,17.992061741620546,32,20,65.05,15.357065920422773,32,0,,,,65.07407407407408,60.111111111111114
0.1,0.5,old_py,2,80,2.095903274289385,59.775,13.541287076796005,26,44.9,52.0,60.0,70.0,94,31.1875,6.102694466121948,0.0474673157415386,0.0702397713692419,0.7023977136924189,-0.12508773555428723,13.92521422651678,8,71.125,16.243130416095468,46,20,62.15,16.154761396859865,33,4,68.75,12.945398152754258,51.0,63.48148148148148,59.48148148148148
0.1,1.0,old_py,2,80,2.095903274289385,62.1125,15.176592361139654,27,43.8,50.0,62.0,72.5,108,31.3125,5.198816199233987,0.0456495627285018,0.0701106592815227,0.7011065928152269,-0.0862237972272675,13.92521422651678,8,70.75,23.0201774847322,47,20,63.2,19.651168439882436,38,2,78.5,0.7071067811865476,78.0,63.629629629629626,62.55555555555556
0.1,1.7,old_py,2,80,2.095903274289385,62.425,14.68812919471048,32,46.0,52.0,62.0,72.0,96,30.7125,6.040357416703004,0.047146679371688,0.0702816358507786,0.7028163585077859,-0.06052884712270712,13.92521422651678,8,64.0,16.945290116809957,36,20,61.6,15.87583400212908,33,2,70.0,4.242640687119285,67.0,62.44444444444444,60.7037037037037
0.1,2.5,old_py,2,80,2.095903274289385,59.7875,15.037248056540268,28,38.0,48.0,61.0,72.0,94,32.4625,6.849085220263388,0.0458349079128459,0.0703157825512491,0.703157825512491,0.09625199624489222,13.92521422651678,8,54.25,8.581541653039805,38,20,56.05,15.288368471694938,32,3,54.666666666666664,4.618802153517007,52.0,59.18518518518518,60.925925925925924
